emotion,image_url,image_hash
admiration,https://images.unsplash.com/photo-1521075486433-bf4052bb37bc?crop=entropy&cs=tinysrgb&fit=max&fm=jpg&ixid=M3w1MTkxODd8MHwxfHNlYXJjaHwxfHxhZG1pcmF0aW9uJTIwZW1vdGlvbnxlbnwwfHx8fDE2OTgwNTE4OTh8MA&ixlib=rb-4.0.3&q=80&w=1080,793be460e13f7934f86acbba150a0f0a
admiration,https://images.unsplash.com/photo-1619431843897-4676bff0c286?crop=entropy&cs=tinysrgb&fit=max&fm=jpg&ixid=M3w1MTkxODd8MHwxfHNlYXJjaHwyfHxhZG1pcmF0aW9uJTIwZW1vdGlvbnxlbnwwfHx8fDE2OTgwNTE4OTh8MA&ixlib=rb-4.0.3&q=80&w=1080,36d8a43ee0fd4da95bf3bd4907918866
admiration,https://images.unsplash.com/photo-1619431843665-54babc76ac8c?crop=entropy&cs=tinysrgb&fit=max&fm=jpg&ixid=M3w1MTkxODd8MHwxfHNlYXJjaHwzfHxhZG1pcmF0aW9uJTIwZW1vdGlvbnxlbnwwfHx8fDE2OTgwNTE4OTh8MA&ixlib=rb-4.0.3&q=80&w=1080,97e6b22d144994711ecab485cf0f6866
admiration,https://images.unsplash.com/photo-1603792907191-89e55f70099a?crop=entropy&cs=tinysrgb&fit=max&fm=jpg&ixid=M3w1MTkxODd8MHwxfHNlYXJjaHw0fHxhZG1pcmF0aW9uJTIwZW1vdGlvbnxlbnwwfHx8fDE2OTgwNTE4OTh8MA&ixlib=rb-4.0.3&q=80&w=1080,c3997908ebf7ecdb0abb6a2ad505ceaa
admiration,https://images.unsplash.com/photo-1422544834386-d121ef7c6ea8?crop=entropy&cs=tinysrgb&fit=max&fm=jpg&ixid=M3w1MTkxODd8MHwxfHNlYXJjaHw1fHxhZG1pcmF0aW9uJTIwZW1vdGlvbnxlbnwwfHx8fDE2OTgwNTE4OTh8MA&ixlib=rb-4.0.3&q=80&w=1080,dd5bcdba0e7944c6dee6fec19a1bc74e
admiration,https://images.unsplash.com/photo-1517832207067-4db24a2ae47c?crop=entropy&cs=tinysrgb&fit=max&fm=jpg&ixid=M3w1MTkxODd8MHwxfHNlYXJjaHw2fHxhZG1pcmF0aW9uJTIwZW1vdGlvbnxlbnwwfHx8fDE2OTgwNTE4OTh8MA&ixlib=rb-4.0.3&q=80&w=1080,18d459ee53d9f00c23b63819bc1ea69d
admiration,https://images.unsplash.com/photo-1605595988901-3d06601c38ad?crop=entropy&cs=tinysrgb&fit=max&fm=jpg&ixid=M3w1MTkxODd8MHwxfHNlYXJjaHw3fHxhZG1pcmF0aW9uJTIwZW1vdGlvbnxlbnwwfHx8fDE2OTgwNTE4OTh8MA&ixlib=rb-4.0.3&q=80&w=1080,c14ddc266e3e474d3948c31d63e419e7
admiration,https://images.unsplash.com/photo-1500099817043-86d46000d58f?crop=entropy&cs=tinysrgb&fit=max&fm=jpg&ixid=M3w1MTkxODd8MHwxfHNlYXJjaHw4fHxhZG1pcmF0aW9uJTIwZW1vdGlvbnxlbnwwfHx8fDE2OTgwNTE4OTh8MA&ixlib=rb-4.0.3&q=80&w=1080,f617d41166f4325c4809cfc202d5301c
admiration,https://images.unsplash.com/photo-1524293568345-75d62c3664f7?crop=entropy&cs=tinysrgb&fit=max&fm=jpg&ixid=M3w1MTkxODd8MHwxfHNlYXJjaHw5fHxhZG1pcmF0aW9uJTIwZW1vdGlvbnxlbnwwfHx8fDE2OTgwNTE4OTh8MA&ixlib=rb-4.0.3&q=80&w=1080,ae38da8651c0fc07a1c342553080bc77
admiration,https://images.unsplash.com/photo-1542865763-0339b28c4a34?crop=entropy&cs=tinysrgb&fit=max&fm=jpg&ixid=M3w1MTkxODd8MHwxfHNlYXJjaHwxMHx8YWRtaXJhdGlvbiUyMGVtb3Rpb258ZW58MHx8fHwxNjk4MDUxODk4fDA&ixlib=rb-4.0.3&q=80&w=1080,6615c8874d8f6506ef2fc6914b75eef0
amusement,https://images.unsplash.com/photo-1524293568345-75d62c3664f7?crop=entropy&cs=tinysrgb&fit=max&fm=jpg&ixid=M3w1MTkxODd8MHwxfHNlYXJjaHwxfHxhbXVzZW1lbnQlMjBlbW90aW9ufGVufDB8fHx8MTY5ODA1MTk0MHww&ixlib=rb-4.0.3&q=80&w=1080,765dad9aefe00d05178c7ad99d73c7e6
amusement,https://images.unsplash.com/photo-1489710437720-ebb67ec84dd2?crop=entropy&cs=tinysrgb&fit=max&fm=jpg&ixid=M3w1MTkxODd8MHwxfHNlYXJjaHwyfHxhbXVzZW1lbnQlMjBlbW90aW9ufGVufDB8fHx8MTY5ODA1MTk0MHww&ixlib=rb-4.0.3&q=80&w=1080,0aa65cecfffb96337acd1628fe7e303a
amusement,https://images.unsplash.com/photo-1560153540-1206ff502a84?crop=entropy&cs=tinysrgb&fit=max&fm=jpg&ixid=M3w1MTkxODd8MHwxfHNlYXJjaHwzfHxhbXVzZW1lbnQlMjBlbW90aW9ufGVufDB8fHx8MTY5ODA1MTk0MHww&ixlib=rb-4.0.3&q=80&w=1080,a99522039ca6c81ecb785a74ec947470
amusement,https://images.unsplash.com/photo-1551176752-07cc6865ef23?crop=entropy&cs=tinysrgb&fit=max&fm=jpg&ixid=M3w1MTkxODd8MHwxfHNlYXJjaHw0fHxhbXVzZW1lbnQlMjBlbW90aW9ufGVufDB8fHx8MTY5ODA1MTk0MHww&ixlib=rb-4.0.3&q=80&w=1080,86e1c3e5b109691fbc92b35100a351ca
amusement,https://images.unsplash.com/photo-1576342351769-f43503184a77?crop=entropy&cs=tinysrgb&fit=max&fm=jpg&ixid=M3w1MTkxODd8MHwxfHNlYXJjaHw1fHxhbXVzZW1lbnQlMjBlbW90aW9ufGVufDB8fHx8MTY5ODA1MTk0MHww&ixlib=rb-4.0.3&q=80&w=1080,099f58f0966dacdfa8584667ea67596e
amusement,https://images.unsplash.com/photo-1644316641814-7217857c09e7?crop=entropy&cs=tinysrgb&fit=max&fm=jpg&ixid=M3w1MTkxODd8MHwxfHNlYXJjaHw2fHxhbXVzZW1lbnQlMjBlbW90aW9ufGVufDB8fHx8MTY5ODA1MTk0MHww&ixlib=rb-4.0.3&q=80&w=1080,d339561145084dcaa21d3af8a4235b37
amusement,https://images.unsplash.com/photo-1521075486433-bf4052bb37bc?crop=entropy&cs=tinysrgb&fit=max&fm=jpg&ixid=M3w1MTkxODd8MHwxfHNlYXJjaHw3fHxhbXVzZW1lbnQlMjBlbW90aW9ufGVufDB8fHx8MTY5ODA1MTk0MHww&ixlib=rb-4.0.3&q=80&w=1080,6d7df74d9aab56442c6c75b351610df7
amusement,https://images.unsplash.com/photo-1619431843897-4676bff0c286?crop=entropy&cs=tinysrgb&fit=max&fm=jpg&ixid=M3w1MTkxODd8MHwxfHNlYXJjaHw4fHxhbXVzZW1lbnQlMjBlbW90aW9ufGVufDB8fHx8MTY5ODA1MTk0MHww&ixlib=rb-4.0.3&q=80&w=1080,df3ea2bd29c2eae515cf57d141baf0c8
amusement,https://images.unsplash.com/photo-1619431843665-54babc76ac8c?crop=entropy&cs=tinysrgb&fit=max&fm=jpg&ixid=M3w1MTkxODd8MHwxfHNlYXJjaHw5fHxhbXVzZW1lbnQlMjBlbW90aW9ufGVufDB8fHx8MTY5ODA1MTk0MHww&ixlib=rb-4.0.3&q=80&w=1080,749f4df94c7ff60e823802cd50165b2b
amusement,https://images.unsplash.com/photo-1603792907191-89e55f70099a?crop=entropy&cs=tinysrgb&fit=max&fm=jpg&ixid=M3w1MTkxODd8MHwxfHNlYXJjaHwxMHx8YW11c2VtZW50JTIwZW1vdGlvbnxlbnwwfHx8fDE2OTgwNTE5NDB8MA&ixlib=rb-4.0.3&q=80&w=1080,566fcedd1ada9baeb21758669a7a8bac
anger,https://images.unsplash.com/photo-1653067415490-e83562337955?crop=entropy&cs=tinysrgb&fit=max&fm=jpg&ixid=M3w1MTkxODd8MHwxfHNlYXJjaHwxfHxhbmdlciUyMGVtb3Rpb258ZW58MHx8fHwxNjk4MDUxOTczfDA&ixlib=rb-4.0.3&q=80&w=1080,4ca3fd73676d6d2171c425bfb2120d00
anger,https://images.unsplash.com/photo-1619431843665-54babc76ac8c?crop=entropy&cs=tinysrgb&fit=max&fm=jpg&ixid=M3w1MTkxODd8MHwxfHNlYXJjaHwyfHxhbmdlciUyMGVtb3Rpb258ZW58MHx8fHwxNjk4MDUxOTczfDA&ixlib=rb-4.0.3&q=80&w=1080,604b86601c839b97b0e3e3da732d3970
anger,https://images.unsplash.com/photo-1605595988901-3d06601c38ad?crop=entropy&cs=tinysrgb&fit=max&fm=jpg&ixid=M3w1MTkxODd8MHwxfHNlYXJjaHwzfHxhbmdlciUyMGVtb3Rpb258ZW58MHx8fHwxNjk4MDUxOTczfDA&ixlib=rb-4.0.3&q=80&w=1080,74228bbb63320a63378d26ea04f2f958
anger,https://images.unsplash.com/photo-1609852234838-147db6815968?crop=entropy&cs=tinysrgb&fit=max&fm=jpg&ixid=M3w1MTkxODd8MHwxfHNlYXJjaHw0fHxhbmdlciUyMGVtb3Rpb258ZW58MHx8fHwxNjk4MDUxOTczfDA&ixlib=rb-4.0.3&q=80&w=1080,6b14ef1de7d5a799afda64f1e4addb64
anger,https://images.unsplash.com/photo-1620229948069-0da33195f2df?crop=entropy&cs=tinysrgb&fit=max&fm=jpg&ixid=M3w1MTkxODd8MHwxfHNlYXJjaHw1fHxhbmdlciUyMGVtb3Rpb258ZW58MHx8fHwxNjk4MDUxOTczfDA&ixlib=rb-4.0.3&q=80&w=1080,fad170e1081c1e5e6d7ae2455d6c6edf
anger,https://images.unsplash.com/photo-1621094817054-3ae954943e89?crop=entropy&cs=tinysrgb&fit=max&fm=jpg&ixid=M3w1MTkxODd8MHwxfHNlYXJjaHw2fHxhbmdlciUyMGVtb3Rpb258ZW58MHx8fHwxNjk4MDUxOTczfDA&ixlib=rb-4.0.3&q=80&w=1080,8c9e46b5e5d6e0ee0ac1809b6e75d706
anger,https://images.unsplash.com/photo-1592623159714-59671c62aebd?crop=entropy&cs=tinysrgb&fit=max&fm=jpg&ixid=M3w1MTkxODd8MHwxfHNlYXJjaHw3fHxhbmdlciUyMGVtb3Rpb258ZW58MHx8fHwxNjk4MDUxOTczfDA&ixlib=rb-4.0.3&q=80&w=1080,38082aa45826a58e1ba176b7d35a1d0e
anger,https://images.unsplash.com/photo-1529507926971-06fcbcc8cf2f?crop=entropy&cs=tinysrgb&fit=max&fm=jpg&ixid=M3w1MTkxODd8MHwxfHNlYXJjaHw4fHxhbmdlciUyMGVtb3Rpb258ZW58MHx8fHwxNjk4MDUxOTczfDA&ixlib=rb-4.0.3&q=80&w=1080,db87adc0013388a4eea258eefa93a3b8
anger,https://images.unsplash.com/photo-1505274664176-44ccaa7969a8?crop=entropy&cs=tinysrgb&fit=max&fm=jpg&ixid=M3w1MTkxODd8MHwxfHNlYXJjaHw5fHxhbmdlciUyMGVtb3Rpb258ZW58MHx8fHwxNjk4MDUxOTczfDA&ixlib=rb-4.0.3&q=80&w=1080,1d8dfdd7eddbcbdfec7447eebbe0dac7
anger,https://images.unsplash.com/photo-1529507672001-41b8facb0e2a?crop=entropy&cs=tinysrgb&fit=max&fm=jpg&ixid=M3w1MTkxODd8MHwxfHNlYXJjaHwxMHx8YW5nZXIlMjBlbW90aW9ufGVufDB8fHx8MTY5ODA1MTk3M3ww&ixlib=rb-4.0.3&q=80&w=1080,1e174a888e3630831d576fa5e4c73f67
annoyance,https://images.unsplash.com/photo-1521075486433-bf4052bb37bc?crop=entropy&cs=tinysrgb&fit=max&fm=jpg&ixid=M3w1MTkxODd8MHwxfHNlYXJjaHwxfHxhbm5veWFuY2UlMjBlbW90aW9ufGVufDB8fHx8MTY5ODA1MjAyMXww&ixlib=rb-4.0.3&q=80&w=1080,4c5130fa5ccec043663735fa8e21e8c0
annoyance,https://images.unsplash.com/photo-1619431843897-4676bff0c286?crop=entropy&cs=tinysrgb&fit=max&fm=jpg&ixid=M3w1MTkxODd8MHwxfHNlYXJjaHwyfHxhbm5veWFuY2UlMjBlbW90aW9ufGVufDB8fHx8MTY5ODA1MjAyMXww&ixlib=rb-4.0.3&q=80&w=1080,4ec857ee2042af4848f38c121d8d62fd
annoyance,https://images.unsplash.com/photo-1619431843665-54babc76ac8c?crop=entropy&cs=tinysrgb&fit=max&fm=jpg&ixid=M3w1MTkxODd8MHwxfHNlYXJjaHwzfHxhbm5veWFuY2UlMjBlbW90aW9ufGVufDB8fHx8MTY5ODA1MjAyMXww&ixlib=rb-4.0.3&q=80&w=1080,54cddf5edb666e868d8aacfadb016359
annoyance,https://images.unsplash.com/photo-1603792907191-89e55f70099a?crop=entropy&cs=tinysrgb&fit=max&fm=jpg&ixid=M3w1MTkxODd8MHwxfHNlYXJjaHw0fHxhbm5veWFuY2UlMjBlbW90aW9ufGVufDB8fHx8MTY5ODA1MjAyMXww&ixlib=rb-4.0.3&q=80&w=1080,08a41b65f78cd6df23a01cb5f0126cf2
annoyance,https://images.unsplash.com/photo-1422544834386-d121ef7c6ea8?crop=entropy&cs=tinysrgb&fit=max&fm=jpg&ixid=M3w1MTkxODd8MHwxfHNlYXJjaHw1fHxhbm5veWFuY2UlMjBlbW90aW9ufGVufDB8fHx8MTY5ODA1MjAyMXww&ixlib=rb-4.0.3&q=80&w=1080,1f8521fb79f93141c7275f6d5e183b0c
annoyance,https://images.unsplash.com/photo-1517832207067-4db24a2ae47c?crop=entropy&cs=tinysrgb&fit=max&fm=jpg&ixid=M3w1MTkxODd8MHwxfHNlYXJjaHw2fHxhbm5veWFuY2UlMjBlbW90aW9ufGVufDB8fHx8MTY5ODA1MjAyMXww&ixlib=rb-4.0.3&q=80&w=1080,6d330daca84ca468e80e1dbd9a3acf94
annoyance,https://images.unsplash.com/photo-1605595988901-3d06601c38ad?crop=entropy&cs=tinysrgb&fit=max&fm=jpg&ixid=M3w1MTkxODd8MHwxfHNlYXJjaHw3fHxhbm5veWFuY2UlMjBlbW90aW9ufGVufDB8fHx8MTY5ODA1MjAyMXww&ixlib=rb-4.0.3&q=80&w=1080,811c30beb19f998505700b8dcd415fcc
annoyance,https://images.unsplash.com/photo-1500099817043-86d46000d58f?crop=entropy&cs=tinysrgb&fit=max&fm=jpg&ixid=M3w1MTkxODd8MHwxfHNlYXJjaHw4fHxhbm5veWFuY2UlMjBlbW90aW9ufGVufDB8fHx8MTY5ODA1MjAyMXww&ixlib=rb-4.0.3&q=80&w=1080,36988fc0d20209a14b7b88b8724b924c
annoyance,https://images.unsplash.com/photo-1524293568345-75d62c3664f7?crop=entropy&cs=tinysrgb&fit=max&fm=jpg&ixid=M3w1MTkxODd8MHwxfHNlYXJjaHw5fHxhbm5veWFuY2UlMjBlbW90aW9ufGVufDB8fHx8MTY5ODA1MjAyMXww&ixlib=rb-4.0.3&q=80&w=1080,1799735fa64d53d579561a483010808a
annoyance,https://images.unsplash.com/photo-1542865763-0339b28c4a34?crop=entropy&cs=tinysrgb&fit=max&fm=jpg&ixid=M3w1MTkxODd8MHwxfHNlYXJjaHwxMHx8YW5ub3lhbmNlJTIwZW1vdGlvbnxlbnwwfHx8fDE2OTgwNTIwMjF8MA&ixlib=rb-4.0.3&q=80&w=1080,5b80d61bce5273e4dd4c9a4afcd4b6ac
approval,https://images.unsplash.com/photo-1521075486433-bf4052bb37bc?crop=entropy&cs=tinysrgb&fit=max&fm=jpg&ixid=M3w1MTkxODd8MHwxfHNlYXJjaHwxfHxhcHByb3ZhbCUyMGVtb3Rpb258ZW58MHx8fHwxNjk4MDUyMDY0fDA&ixlib=rb-4.0.3&q=80&w=1080,3579ce893c2f3d6a3d6a4dcf645a75ea
approval,https://images.unsplash.com/photo-1619431843897-4676bff0c286?crop=entropy&cs=tinysrgb&fit=max&fm=jpg&ixid=M3w1MTkxODd8MHwxfHNlYXJjaHwyfHxhcHByb3ZhbCUyMGVtb3Rpb258ZW58MHx8fHwxNjk4MDUyMDY0fDA&ixlib=rb-4.0.3&q=80&w=1080,4ed4e17ad3573577d585e658d7155d77
approval,https://images.unsplash.com/photo-1619431843665-54babc76ac8c?crop=entropy&cs=tinysrgb&fit=max&fm=jpg&ixid=M3w1MTkxODd8MHwxfHNlYXJjaHwzfHxhcHByb3ZhbCUyMGVtb3Rpb258ZW58MHx8fHwxNjk4MDUyMDY0fDA&ixlib=rb-4.0.3&q=80&w=1080,53f97b8de31da34a6088731e1b3c98a7
approval,https://images.unsplash.com/photo-1603792907191-89e55f70099a?crop=entropy&cs=tinysrgb&fit=max&fm=jpg&ixid=M3w1MTkxODd8MHwxfHNlYXJjaHw0fHxhcHByb3ZhbCUyMGVtb3Rpb258ZW58MHx8fHwxNjk4MDUyMDY0fDA&ixlib=rb-4.0.3&q=80&w=1080,b2802727471801d59c2d051da55b34f1
approval,https://images.unsplash.com/photo-1422544834386-d121ef7c6ea8?crop=entropy&cs=tinysrgb&fit=max&fm=jpg&ixid=M3w1MTkxODd8MHwxfHNlYXJjaHw1fHxhcHByb3ZhbCUyMGVtb3Rpb258ZW58MHx8fHwxNjk4MDUyMDY0fDA&ixlib=rb-4.0.3&q=80&w=1080,fd2d9ffbb10d243f4d302f1a83f004ff
approval,https://images.unsplash.com/photo-1517832207067-4db24a2ae47c?crop=entropy&cs=tinysrgb&fit=max&fm=jpg&ixid=M3w1MTkxODd8MHwxfHNlYXJjaHw2fHxhcHByb3ZhbCUyMGVtb3Rpb258ZW58MHx8fHwxNjk4MDUyMDY0fDA&ixlib=rb-4.0.3&q=80&w=1080,815b4314ec5803a31d152d8c9458e07c
approval,https://images.unsplash.com/photo-1605595988901-3d06601c38ad?crop=entropy&cs=tinysrgb&fit=max&fm=jpg&ixid=M3w1MTkxODd8MHwxfHNlYXJjaHw3fHxhcHByb3ZhbCUyMGVtb3Rpb258ZW58MHx8fHwxNjk4MDUyMDY0fDA&ixlib=rb-4.0.3&q=80&w=1080,db1f009cae485777ad946198fe4c59b5
approval,https://images.unsplash.com/photo-1500099817043-86d46000d58f?crop=entropy&cs=tinysrgb&fit=max&fm=jpg&ixid=M3w1MTkxODd8MHwxfHNlYXJjaHw4fHxhcHByb3ZhbCUyMGVtb3Rpb258ZW58MHx8fHwxNjk4MDUyMDY0fDA&ixlib=rb-4.0.3&q=80&w=1080,dd9db691f4f3a905bf6f8b76efc9bbce
approval,https://images.unsplash.com/photo-1524293568345-75d62c3664f7?crop=entropy&cs=tinysrgb&fit=max&fm=jpg&ixid=M3w1MTkxODd8MHwxfHNlYXJjaHw5fHxhcHByb3ZhbCUyMGVtb3Rpb258ZW58MHx8fHwxNjk4MDUyMDY0fDA&ixlib=rb-4.0.3&q=80&w=1080,577a4f42e71f5d7a092cdc6fcfa56c30
approval,https://images.unsplash.com/photo-1542865763-0339b28c4a34?crop=entropy&cs=tinysrgb&fit=max&fm=jpg&ixid=M3w1MTkxODd8MHwxfHNlYXJjaHwxMHx8YXBwcm92YWwlMjBlbW90aW9ufGVufDB8fHx8MTY5ODA1MjA2NHww&ixlib=rb-4.0.3&q=80&w=1080,6787cfe6002395ac19cb073f6c410b51
caring,https://images.unsplash.com/photo-1500099817043-86d46000d58f?crop=entropy&cs=tinysrgb&fit=max&fm=jpg&ixid=M3w1MTkxODd8MHwxfHNlYXJjaHwxfHxjYXJpbmclMjBlbW90aW9ufGVufDB8fHx8MTY5ODA1MjEwN3ww&ixlib=rb-4.0.3&q=80&w=1080,c541a5c599affe761dc953b418f0fc29
caring,https://images.unsplash.com/photo-1601297132048-941b5a1f84a6?crop=entropy&cs=tinysrgb&fit=max&fm=jpg&ixid=M3w1MTkxODd8MHwxfHNlYXJjaHwyfHxjYXJpbmclMjBlbW90aW9ufGVufDB8fHx8MTY5ODA1MjEwN3ww&ixlib=rb-4.0.3&q=80&w=1080,97a6c63c3b845f6a37baafc58dcfc81b
caring,https://images.unsplash.com/photo-1560251180-4d89132cdab2?crop=entropy&cs=tinysrgb&fit=max&fm=jpg&ixid=M3w1MTkxODd8MHwxfHNlYXJjaHwzfHxjYXJpbmclMjBlbW90aW9ufGVufDB8fHx8MTY5ODA1MjEwN3ww&ixlib=rb-4.0.3&q=80&w=1080,9b00d00489f4da8dbede59e9f22cbef1
caring,https://images.unsplash.com/photo-1516316738887-4a44ea67ef7e?crop=entropy&cs=tinysrgb&fit=max&fm=jpg&ixid=M3w1MTkxODd8MHwxfHNlYXJjaHw0fHxjYXJpbmclMjBlbW90aW9ufGVufDB8fHx8MTY5ODA1MjEwN3ww&ixlib=rb-4.0.3&q=80&w=1080,cedaa85ea2defc59e3482802a55d514e
caring,https://images.unsplash.com/photo-1560251180-24d389314061?crop=entropy&cs=tinysrgb&fit=max&fm=jpg&ixid=M3w1MTkxODd8MHwxfHNlYXJjaHw1fHxjYXJpbmclMjBlbW90aW9ufGVufDB8fHx8MTY5ODA1MjEwN3ww&ixlib=rb-4.0.3&q=80&w=1080,24372acf050eaf1fa60b3db840adba1f
caring,https://images.unsplash.com/photo-1578908853724-9f9d10df898c?crop=entropy&cs=tinysrgb&fit=max&fm=jpg&ixid=M3w1MTkxODd8MHwxfHNlYXJjaHw2fHxjYXJpbmclMjBlbW90aW9ufGVufDB8fHx8MTY5ODA1MjEwN3ww&ixlib=rb-4.0.3&q=80&w=1080,b7c2ae5a1ebf4bf2c094e18cbedaa53d
caring,https://images.unsplash.com/photo-1560251180-23988263049a?crop=entropy&cs=tinysrgb&fit=max&fm=jpg&ixid=M3w1MTkxODd8MHwxfHNlYXJjaHw3fHxjYXJpbmclMjBlbW90aW9ufGVufDB8fHx8MTY5ODA1MjEwN3ww&ixlib=rb-4.0.3&q=80&w=1080,06d20082dafc8c3ac695ac035318a6ab
caring,https://images.unsplash.com/photo-1469571486292-0ba58a3f068b?crop=entropy&cs=tinysrgb&fit=max&fm=jpg&ixid=M3w1MTkxODd8MHwxfHNlYXJjaHw4fHxjYXJpbmclMjBlbW90aW9ufGVufDB8fHx8MTY5ODA1MjEwN3ww&ixlib=rb-4.0.3&q=80&w=1080,7206fb6f9ce6f94b47bd59fd7f845233
caring,https://images.unsplash.com/reserve/Af0sF2OS5S5gatqrKzVP_Silhoutte.jpg?crop=entropy&cs=tinysrgb&fit=max&fm=jpg&ixid=M3w1MTkxODd8MHwxfHNlYXJjaHw5fHxjYXJpbmclMjBlbW90aW9ufGVufDB8fHx8MTY5ODA1MjEwN3ww&ixlib=rb-4.0.3&q=80&w=1080,b1116d5149f67de6ac52e88c1bfca110
caring,https://images.unsplash.com/photo-1517832207067-4db24a2ae47c?crop=entropy&cs=tinysrgb&fit=max&fm=jpg&ixid=M3w1MTkxODd8MHwxfHNlYXJjaHwxMHx8Y2FyaW5nJTIwZW1vdGlvbnxlbnwwfHx8fDE2OTgwNTIxMDd8MA&ixlib=rb-4.0.3&q=80&w=1080,47c434f74faa37f38f821646116c4d50
confusion,https://images.unsplash.com/photo-1583264277162-da442576693d?crop=entropy&cs=tinysrgb&fit=max&fm=jpg&ixid=M3w1MTkxODd8MHwxfHNlYXJjaHwxfHxjb25mdXNpb24lMjBlbW90aW9ufGVufDB8fHx8MTY5ODA1MjE0MHww&ixlib=rb-4.0.3&q=80&w=1080,26c00faf26bbae4d970f4005847f3491
confusion,https://images.unsplash.com/photo-1509399693673-755307bfc4e1?crop=entropy&cs=tinysrgb&fit=max&fm=jpg&ixid=M3w1MTkxODd8MHwxfHNlYXJjaHwyfHxjb25mdXNpb24lMjBlbW90aW9ufGVufDB8fHx8MTY5ODA1MjE0MHww&ixlib=rb-4.0.3&q=80&w=1080,4e0e48c580714aee30c9e4020af7e1cd
confusion,https://images.unsplash.com/photo-1620077399971-431e7ea0cf0c?crop=entropy&cs=tinysrgb&fit=max&fm=jpg&ixid=M3w1MTkxODd8MHwxfHNlYXJjaHwzfHxjb25mdXNpb24lMjBlbW90aW9ufGVufDB8fHx8MTY5ODA1MjE0MHww&ixlib=rb-4.0.3&q=80&w=1080,2a34204934a97d3f86867b66d3b7a097
confusion,https://images.unsplash.com/photo-1633105095489-b3be8406bd25?crop=entropy&cs=tinysrgb&fit=max&fm=jpg&ixid=M3w1MTkxODd8MHwxfHNlYXJjaHw0fHxjb25mdXNpb24lMjBlbW90aW9ufGVufDB8fHx8MTY5ODA1MjE0MHww&ixlib=rb-4.0.3&q=80&w=1080,b5095c375dade1b4fc88debaf49e4f6e
confusion,https://images.unsplash.com/photo-1521075486433-bf4052bb37bc?crop=entropy&cs=tinysrgb&fit=max&fm=jpg&ixid=M3w1MTkxODd8MHwxfHNlYXJjaHw1fHxjb25mdXNpb24lMjBlbW90aW9ufGVufDB8fHx8MTY5ODA1MjE0MHww&ixlib=rb-4.0.3&q=80&w=1080,685e1ba66bbdadc47ddef9ca99058da1
confusion,https://images.unsplash.com/photo-1502298411556-0b02524812cb?crop=entropy&cs=tinysrgb&fit=max&fm=jpg&ixid=M3w1MTkxODd8MHwxfHNlYXJjaHw2fHxjb25mdXNpb24lMjBlbW90aW9ufGVufDB8fHx8MTY5ODA1MjE0MHww&ixlib=rb-4.0.3&q=80&w=1080,69beae29e74cdfbde0eb90f63a319616
confusion,https://images.unsplash.com/photo-1619431843897-4676bff0c286?crop=entropy&cs=tinysrgb&fit=max&fm=jpg&ixid=M3w1MTkxODd8MHwxfHNlYXJjaHw3fHxjb25mdXNpb24lMjBlbW90aW9ufGVufDB8fHx8MTY5ODA1MjE0MHww&ixlib=rb-4.0.3&q=80&w=1080,99a0f4ca20f6e4fcb4eb39564d2d21ee
confusion,https://images.unsplash.com/photo-1520787639244-df790073d052?crop=entropy&cs=tinysrgb&fit=max&fm=jpg&ixid=M3w1MTkxODd8MHwxfHNlYXJjaHw4fHxjb25mdXNpb24lMjBlbW90aW9ufGVufDB8fHx8MTY5ODA1MjE0MHww&ixlib=rb-4.0.3&q=80&w=1080,596913447d3e7e8e5f1f169fe37110d5
confusion,https://images.unsplash.com/photo-1619431843665-54babc76ac8c?crop=entropy&cs=tinysrgb&fit=max&fm=jpg&ixid=M3w1MTkxODd8MHwxfHNlYXJjaHw5fHxjb25mdXNpb24lMjBlbW90aW9ufGVufDB8fHx8MTY5ODA1MjE0MHww&ixlib=rb-4.0.3&q=80&w=1080,b6e24c0e65b663ac5da3a84c27fa7e28
confusion,https://images.unsplash.com/photo-1603792907191-89e55f70099a?crop=entropy&cs=tinysrgb&fit=max&fm=jpg&ixid=M3w1MTkxODd8MHwxfHNlYXJjaHwxMHx8Y29uZnVzaW9uJTIwZW1vdGlvbnxlbnwwfHx8fDE2OTgwNTIxNDB8MA&ixlib=rb-4.0.3&q=80&w=1080,beed73728036f1868cd9d2a75ae7f66c
curiosity,https://images.unsplash.com/photo-1636109295953-090a28550d25?crop=entropy&cs=tinysrgb&fit=max&fm=jpg&ixid=M3w1MTkxODd8MHwxfHNlYXJjaHwxfHxjdXJpb3NpdHklMjBlbW90aW9ufGVufDB8fHx8MTY5ODA1MjE3N3ww&ixlib=rb-4.0.3&q=80&w=1080,253617971fdb24d25d62b2ec81b4b430
curiosity,https://images.unsplash.com/photo-1639816053555-d98361d425e0?crop=entropy&cs=tinysrgb&fit=max&fm=jpg&ixid=M3w1MTkxODd8MHwxfHNlYXJjaHwyfHxjdXJpb3NpdHklMjBlbW90aW9ufGVufDB8fHx8MTY5ODA1MjE3N3ww&ixlib=rb-4.0.3&q=80&w=1080,49614e850ed49dd70704e9ce87e0f058
curiosity,https://images.unsplash.com/photo-1525111149894-307b4255c9ff?crop=entropy&cs=tinysrgb&fit=max&fm=jpg&ixid=M3w1MTkxODd8MHwxfHNlYXJjaHwzfHxjdXJpb3NpdHklMjBlbW90aW9ufGVufDB8fHx8MTY5ODA1MjE3N3ww&ixlib=rb-4.0.3&q=80&w=1080,6d8189ed3e7c7ed6a41ee5b6f4ba183a
curiosity,https://images.unsplash.com/photo-1519168130810-4d38ef29bb25?crop=entropy&cs=tinysrgb&fit=max&fm=jpg&ixid=M3w1MTkxODd8MHwxfHNlYXJjaHw0fHxjdXJpb3NpdHklMjBlbW90aW9ufGVufDB8fHx8MTY5ODA1MjE3N3ww&ixlib=rb-4.0.3&q=80&w=1080,aed8dcaa3d22e915cfe838d13fcdb83e
curiosity,https://images.unsplash.com/photo-1640486668968-1ac93705704d?crop=entropy&cs=tinysrgb&fit=max&fm=jpg&ixid=M3w1MTkxODd8MHwxfHNlYXJjaHw1fHxjdXJpb3NpdHklMjBlbW90aW9ufGVufDB8fHx8MTY5ODA1MjE3N3ww&ixlib=rb-4.0.3&q=80&w=1080,aa75bfe92b9ba81a439349f2bd800817
curiosity,https://images.unsplash.com/photo-1621498783483-885d7c5bec52?crop=entropy&cs=tinysrgb&fit=max&fm=jpg&ixid=M3w1MTkxODd8MHwxfHNlYXJjaHw2fHxjdXJpb3NpdHklMjBlbW90aW9ufGVufDB8fHx8MTY5ODA1MjE3N3ww&ixlib=rb-4.0.3&q=80&w=1080,3874259a3cbd5651fcc5e4cb726dfe1b
curiosity,https://images.unsplash.com/photo-1603831066788-db50f92ca647?crop=entropy&cs=tinysrgb&fit=max&fm=jpg&ixid=M3w1MTkxODd8MHwxfHNlYXJjaHw3fHxjdXJpb3NpdHklMjBlbW90aW9ufGVufDB8fHx8MTY5ODA1MjE3N3ww&ixlib=rb-4.0.3&q=80&w=1080,17e408b902eac50d5d3f8e6a952c318d
curiosity,https://images.unsplash.com/photo-1635403770785-916e049592c8?crop=entropy&cs=tinysrgb&fit=max&fm=jpg&ixid=M3w1MTkxODd8MHwxfHNlYXJjaHw4fHxjdXJpb3NpdHklMjBlbW90aW9ufGVufDB8fHx8MTY5ODA1MjE3N3ww&ixlib=rb-4.0.3&q=80&w=1080,f68ae5b213878db7d8737a50a2550518
curiosity,https://images.unsplash.com/photo-1640486667794-c1a3f7c060b1?crop=entropy&cs=tinysrgb&fit=max&fm=jpg&ixid=M3w1MTkxODd8MHwxfHNlYXJjaHw5fHxjdXJpb3NpdHklMjBlbW90aW9ufGVufDB8fHx8MTY5ODA1MjE3N3ww&ixlib=rb-4.0.3&q=80&w=1080,9312968cade553236e0a35ca4493cf71
curiosity,https://images.unsplash.com/photo-1633326468297-188211aec542?crop=entropy&cs=tinysrgb&fit=max&fm=jpg&ixid=M3w1MTkxODd8MHwxfHNlYXJjaHwxMHx8Y3VyaW9zaXR5JTIwZW1vdGlvbnxlbnwwfHx8fDE2OTgwNTIxNzd8MA&ixlib=rb-4.0.3&q=80&w=1080,466020e75b6ef325793f634b7684e513
desire,https://images.unsplash.com/photo-1522057090400-292e86dfacc7?crop=entropy&cs=tinysrgb&fit=max&fm=jpg&ixid=M3w1MTkxODd8MHwxfHNlYXJjaHwxfHxkZXNpcmUlMjBlbW90aW9ufGVufDB8fHx8MTY5ODA1MjIyM3ww&ixlib=rb-4.0.3&q=80&w=1080,172f3c525bc540f0b301257d31b6413f
desire,https://images.unsplash.com/photo-1514846528774-8de9d4a07023?crop=entropy&cs=tinysrgb&fit=max&fm=jpg&ixid=M3w1MTkxODd8MHwxfHNlYXJjaHwyfHxkZXNpcmUlMjBlbW90aW9ufGVufDB8fHx8MTY5ODA1MjIyM3ww&ixlib=rb-4.0.3&q=80&w=1080,44693efec9902f657aa12cebd8c7bb85
desire,https://images.unsplash.com/photo-1545546792-4a3e9acfe594?crop=entropy&cs=tinysrgb&fit=max&fm=jpg&ixid=M3w1MTkxODd8MHwxfHNlYXJjaHwzfHxkZXNpcmUlMjBlbW90aW9ufGVufDB8fHx8MTY5ODA1MjIyM3ww&ixlib=rb-4.0.3&q=80&w=1080,b6e94b2c470b09765694b7e4d08fa181
desire,https://images.unsplash.com/photo-1665742012672-cdf063989b60?crop=entropy&cs=tinysrgb&fit=max&fm=jpg&ixid=M3w1MTkxODd8MHwxfHNlYXJjaHw0fHxkZXNpcmUlMjBlbW90aW9ufGVufDB8fHx8MTY5ODA1MjIyM3ww&ixlib=rb-4.0.3&q=80&w=1080,df61c59f1c907bf830f668effee29e54
desire,https://images.unsplash.com/photo-1521075486433-bf4052bb37bc?crop=entropy&cs=tinysrgb&fit=max&fm=jpg&ixid=M3w1MTkxODd8MHwxfHNlYXJjaHw1fHxkZXNpcmUlMjBlbW90aW9ufGVufDB8fHx8MTY5ODA1MjIyM3ww&ixlib=rb-4.0.3&q=80&w=1080,23047468f1f06d8c55c878cbc3c0d8d0
desire,https://images.unsplash.com/photo-1619431843897-4676bff0c286?crop=entropy&cs=tinysrgb&fit=max&fm=jpg&ixid=M3w1MTkxODd8MHwxfHNlYXJjaHw2fHxkZXNpcmUlMjBlbW90aW9ufGVufDB8fHx8MTY5ODA1MjIyM3ww&ixlib=rb-4.0.3&q=80&w=1080,dd439f2fce44836483fa43378aaae7cf
desire,https://images.unsplash.com/photo-1619431843665-54babc76ac8c?crop=entropy&cs=tinysrgb&fit=max&fm=jpg&ixid=M3w1MTkxODd8MHwxfHNlYXJjaHw3fHxkZXNpcmUlMjBlbW90aW9ufGVufDB8fHx8MTY5ODA1MjIyM3ww&ixlib=rb-4.0.3&q=80&w=1080,ec396701d817a979a8a010b33b7ebc50
desire,https://images.unsplash.com/photo-1603792907191-89e55f70099a?crop=entropy&cs=tinysrgb&fit=max&fm=jpg&ixid=M3w1MTkxODd8MHwxfHNlYXJjaHw4fHxkZXNpcmUlMjBlbW90aW9ufGVufDB8fHx8MTY5ODA1MjIyM3ww&ixlib=rb-4.0.3&q=80&w=1080,f263de08bbb12dcc140c8bb3392a4d2a
desire,https://images.unsplash.com/photo-1422544834386-d121ef7c6ea8?crop=entropy&cs=tinysrgb&fit=max&fm=jpg&ixid=M3w1MTkxODd8MHwxfHNlYXJjaHw5fHxkZXNpcmUlMjBlbW90aW9ufGVufDB8fHx8MTY5ODA1MjIyM3ww&ixlib=rb-4.0.3&q=80&w=1080,474067d9b7d7c3126e69e6db4b0636cd
desire,https://images.unsplash.com/photo-1517832207067-4db24a2ae47c?crop=entropy&cs=tinysrgb&fit=max&fm=jpg&ixid=M3w1MTkxODd8MHwxfHNlYXJjaHwxMHx8ZGVzaXJlJTIwZW1vdGlvbnxlbnwwfHx8fDE2OTgwNTIyMjN8MA&ixlib=rb-4.0.3&q=80&w=1080,3a15f037afffb6a38166978db4d0e9d8
disappointment,https://images.unsplash.com/photo-1527631120902-378417754324?crop=entropy&cs=tinysrgb&fit=max&fm=jpg&ixid=M3w1MTkxODd8MHwxfHNlYXJjaHwxfHxkaXNhcHBvaW50bWVudCUyMGVtb3Rpb258ZW58MHx8fHwxNjk4MDUyMjY1fDA&ixlib=rb-4.0.3&q=80&w=1080,ab27e2ad55bbc4e272a7528ea7f70937
disappointment,https://images.unsplash.com/photo-1516302752625-fcc3c50ae61f?crop=entropy&cs=tinysrgb&fit=max&fm=jpg&ixid=M3w1MTkxODd8MHwxfHNlYXJjaHwyfHxkaXNhcHBvaW50bWVudCUyMGVtb3Rpb258ZW58MHx8fHwxNjk4MDUyMjY1fDA&ixlib=rb-4.0.3&q=80&w=1080,dfa2cd278222392d2ca4cc9ab3b566aa
disappointment,https://images.unsplash.com/photo-1527167484260-43ca4f1cc204?crop=entropy&cs=tinysrgb&fit=max&fm=jpg&ixid=M3w1MTkxODd8MHwxfHNlYXJjaHwzfHxkaXNhcHBvaW50bWVudCUyMGVtb3Rpb258ZW58MHx8fHwxNjk4MDUyMjY1fDA&ixlib=rb-4.0.3&q=80&w=1080,95bf83c747db50fa832b6e4d39ed436f
disappointment,https://images.unsplash.com/photo-1524088484081-4ca7e08e3e19?crop=entropy&cs=tinysrgb&fit=max&fm=jpg&ixid=M3w1MTkxODd8MHwxfHNlYXJjaHw0fHxkaXNhcHBvaW50bWVudCUyMGVtb3Rpb258ZW58MHx8fHwxNjk4MDUyMjY1fDA&ixlib=rb-4.0.3&q=80&w=1080,97a23b30f53eb0a45d6d33c69a4d537b
disappointment,https://images.unsplash.com/photo-1527236438218-d82077ae1f85?crop=entropy&cs=tinysrgb&fit=max&fm=jpg&ixid=M3w1MTkxODd8MHwxfHNlYXJjaHw1fHxkaXNhcHBvaW50bWVudCUyMGVtb3Rpb258ZW58MHx8fHwxNjk4MDUyMjY1fDA&ixlib=rb-4.0.3&q=80&w=1080,cf36a74ecc9f1772392e55ffcadb5fc5
disappointment,https://images.unsplash.com/photo-1530335875407-47f48e04b0aa?crop=entropy&cs=tinysrgb&fit=max&fm=jpg&ixid=M3w1MTkxODd8MHwxfHNlYXJjaHw2fHxkaXNhcHBvaW50bWVudCUyMGVtb3Rpb258ZW58MHx8fHwxNjk4MDUyMjY1fDA&ixlib=rb-4.0.3&q=80&w=1080,06960b692dd991b03649b1cf299dcff8
disappointment,https://images.unsplash.com/photo-1541680865499-156445897481?crop=entropy&cs=tinysrgb&fit=max&fm=jpg&ixid=M3w1MTkxODd8MHwxfHNlYXJjaHw3fHxkaXNhcHBvaW50bWVudCUyMGVtb3Rpb258ZW58MHx8fHwxNjk4MDUyMjY1fDA&ixlib=rb-4.0.3&q=80&w=1080,24e62b11a786a88f67cd17b9c5799db7
disappointment,https://images.unsplash.com/photo-1437915160026-6c59da36ede2?crop=entropy&cs=tinysrgb&fit=max&fm=jpg&ixid=M3w1MTkxODd8MHwxfHNlYXJjaHw4fHxkaXNhcHBvaW50bWVudCUyMGVtb3Rpb258ZW58MHx8fHwxNjk4MDUyMjY1fDA&ixlib=rb-4.0.3&q=80&w=1080,6c7f03b2a96fbddf6fb22e3a8ce2f740
disappointment,https://images.unsplash.com/photo-1536516476995-754d5c4095b8?crop=entropy&cs=tinysrgb&fit=max&fm=jpg&ixid=M3w1MTkxODd8MHwxfHNlYXJjaHw5fHxkaXNhcHBvaW50bWVudCUyMGVtb3Rpb258ZW58MHx8fHwxNjk4MDUyMjY1fDA&ixlib=rb-4.0.3&q=80&w=1080,1a62237b1d0d0d1f07ba8de8cc591049
disappointment,https://images.unsplash.com/photo-1512581574034-6f1da619c5fa?crop=entropy&cs=tinysrgb&fit=max&fm=jpg&ixid=M3w1MTkxODd8MHwxfHNlYXJjaHwxMHx8ZGlzYXBwb2ludG1lbnQlMjBlbW90aW9ufGVufDB8fHx8MTY5ODA1MjI2NXww&ixlib=rb-4.0.3&q=80&w=1080,5ada0c40e26e72f4243bf171dd10ed6d
disapproval,https://images.unsplash.com/photo-1591189824095-a3748764fb6b?crop=entropy&cs=tinysrgb&fit=max&fm=jpg&ixid=M3w1MTkxODd8MHwxfHNlYXJjaHwxfHxkaXNhcHByb3ZhbCUyMGVtb3Rpb258ZW58MHx8fHwxNjk4MDUyMzEzfDA&ixlib=rb-4.0.3&q=80&w=1080,123723e873f1c6d58a3ccbbe067398ac
disapproval,https://images.unsplash.com/photo-1521075486433-bf4052bb37bc?crop=entropy&cs=tinysrgb&fit=max&fm=jpg&ixid=M3w1MTkxODd8MHwxfHNlYXJjaHwyfHxkaXNhcHByb3ZhbCUyMGVtb3Rpb258ZW58MHx8fHwxNjk4MDUyMzEzfDA&ixlib=rb-4.0.3&q=80&w=1080,e24626f5fa7cc376e45abd8d340235ae
disapproval,https://images.unsplash.com/photo-1619431843897-4676bff0c286?crop=entropy&cs=tinysrgb&fit=max&fm=jpg&ixid=M3w1MTkxODd8MHwxfHNlYXJjaHwzfHxkaXNhcHByb3ZhbCUyMGVtb3Rpb258ZW58MHx8fHwxNjk4MDUyMzEzfDA&ixlib=rb-4.0.3&q=80&w=1080,508b916a060f29714e4b583fe0a40162
disapproval,https://images.unsplash.com/photo-1619431843665-54babc76ac8c?crop=entropy&cs=tinysrgb&fit=max&fm=jpg&ixid=M3w1MTkxODd8MHwxfHNlYXJjaHw0fHxkaXNhcHByb3ZhbCUyMGVtb3Rpb258ZW58MHx8fHwxNjk4MDUyMzEzfDA&ixlib=rb-4.0.3&q=80&w=1080,b9dd0f33fc2cec1092c40593e6e38bf3
disapproval,https://images.unsplash.com/photo-1603792907191-89e55f70099a?crop=entropy&cs=tinysrgb&fit=max&fm=jpg&ixid=M3w1MTkxODd8MHwxfHNlYXJjaHw1fHxkaXNhcHByb3ZhbCUyMGVtb3Rpb258ZW58MHx8fHwxNjk4MDUyMzEzfDA&ixlib=rb-4.0.3&q=80&w=1080,8fb085d26598c034559a447bede3499d
disapproval,https://images.unsplash.com/photo-1422544834386-d121ef7c6ea8?crop=entropy&cs=tinysrgb&fit=max&fm=jpg&ixid=M3w1MTkxODd8MHwxfHNlYXJjaHw2fHxkaXNhcHByb3ZhbCUyMGVtb3Rpb258ZW58MHx8fHwxNjk4MDUyMzEzfDA&ixlib=rb-4.0.3&q=80&w=1080,fe92edb22f098e0d170fef409a37e660
disapproval,https://images.unsplash.com/photo-1517832207067-4db24a2ae47c?crop=entropy&cs=tinysrgb&fit=max&fm=jpg&ixid=M3w1MTkxODd8MHwxfHNlYXJjaHw3fHxkaXNhcHByb3ZhbCUyMGVtb3Rpb258ZW58MHx8fHwxNjk4MDUyMzEzfDA&ixlib=rb-4.0.3&q=80&w=1080,afec4eb70657505c3bfeae46c1d4e409
disapproval,https://images.unsplash.com/photo-1605595988901-3d06601c38ad?crop=entropy&cs=tinysrgb&fit=max&fm=jpg&ixid=M3w1MTkxODd8MHwxfHNlYXJjaHw4fHxkaXNhcHByb3ZhbCUyMGVtb3Rpb258ZW58MHx8fHwxNjk4MDUyMzEzfDA&ixlib=rb-4.0.3&q=80&w=1080,06cf21c83e49c5f86a9e2224a30fbcf6
disapproval,https://images.unsplash.com/photo-1500099817043-86d46000d58f?crop=entropy&cs=tinysrgb&fit=max&fm=jpg&ixid=M3w1MTkxODd8MHwxfHNlYXJjaHw5fHxkaXNhcHByb3ZhbCUyMGVtb3Rpb258ZW58MHx8fHwxNjk4MDUyMzEzfDA&ixlib=rb-4.0.3&q=80&w=1080,5bc3d3fd4721f1fec253bf2fc7977965
disapproval,https://images.unsplash.com/photo-1524293568345-75d62c3664f7?crop=entropy&cs=tinysrgb&fit=max&fm=jpg&ixid=M3w1MTkxODd8MHwxfHNlYXJjaHwxMHx8ZGlzYXBwcm92YWwlMjBlbW90aW9ufGVufDB8fHx8MTY5ODA1MjMxM3ww&ixlib=rb-4.0.3&q=80&w=1080,509c2f8fadc53db86436233c988cd3d6
disgust,https://images.unsplash.com/photo-1521075486433-bf4052bb37bc?crop=entropy&cs=tinysrgb&fit=max&fm=jpg&ixid=M3w1MTkxODd8MHwxfHNlYXJjaHwxfHxkaXNndXN0JTIwZW1vdGlvbnxlbnwwfHx8fDE2OTgwNTIzNTN8MA&ixlib=rb-4.0.3&q=80&w=1080,a9857d52a5c90fff0e245f244e5bcb10
disgust,https://images.unsplash.com/photo-1619431843897-4676bff0c286?crop=entropy&cs=tinysrgb&fit=max&fm=jpg&ixid=M3w1MTkxODd8MHwxfHNlYXJjaHwyfHxkaXNndXN0JTIwZW1vdGlvbnxlbnwwfHx8fDE2OTgwNTIzNTN8MA&ixlib=rb-4.0.3&q=80&w=1080,7aacdc2ae8939eb15f7767c7777c3cfe
disgust,https://images.unsplash.com/photo-1619431843665-54babc76ac8c?crop=entropy&cs=tinysrgb&fit=max&fm=jpg&ixid=M3w1MTkxODd8MHwxfHNlYXJjaHwzfHxkaXNndXN0JTIwZW1vdGlvbnxlbnwwfHx8fDE2OTgwNTIzNTN8MA&ixlib=rb-4.0.3&q=80&w=1080,5c64925866661bebb89704e5d3dfea2b
disgust,https://images.unsplash.com/photo-1603792907191-89e55f70099a?crop=entropy&cs=tinysrgb&fit=max&fm=jpg&ixid=M3w1MTkxODd8MHwxfHNlYXJjaHw0fHxkaXNndXN0JTIwZW1vdGlvbnxlbnwwfHx8fDE2OTgwNTIzNTN8MA&ixlib=rb-4.0.3&q=80&w=1080,4cda908652d8f774366e603ba8620246
disgust,https://images.unsplash.com/photo-1422544834386-d121ef7c6ea8?crop=entropy&cs=tinysrgb&fit=max&fm=jpg&ixid=M3w1MTkxODd8MHwxfHNlYXJjaHw1fHxkaXNndXN0JTIwZW1vdGlvbnxlbnwwfHx8fDE2OTgwNTIzNTN8MA&ixlib=rb-4.0.3&q=80&w=1080,abf4f8ccd65a1b477a5727509dcabdfa
disgust,https://images.unsplash.com/photo-1517832207067-4db24a2ae47c?crop=entropy&cs=tinysrgb&fit=max&fm=jpg&ixid=M3w1MTkxODd8MHwxfHNlYXJjaHw2fHxkaXNndXN0JTIwZW1vdGlvbnxlbnwwfHx8fDE2OTgwNTIzNTN8MA&ixlib=rb-4.0.3&q=80&w=1080,fb435f9580f30959cf75b79c68184b59
disgust,https://images.unsplash.com/photo-1605595988901-3d06601c38ad?crop=entropy&cs=tinysrgb&fit=max&fm=jpg&ixid=M3w1MTkxODd8MHwxfHNlYXJjaHw3fHxkaXNndXN0JTIwZW1vdGlvbnxlbnwwfHx8fDE2OTgwNTIzNTN8MA&ixlib=rb-4.0.3&q=80&w=1080,9956ca1bd8f0769d24ee685a529ea6c5
disgust,https://images.unsplash.com/photo-1500099817043-86d46000d58f?crop=entropy&cs=tinysrgb&fit=max&fm=jpg&ixid=M3w1MTkxODd8MHwxfHNlYXJjaHw4fHxkaXNndXN0JTIwZW1vdGlvbnxlbnwwfHx8fDE2OTgwNTIzNTN8MA&ixlib=rb-4.0.3&q=80&w=1080,4ee4d5a68c3602d2bc1cd6df980ef0d2
disgust,https://images.unsplash.com/photo-1524293568345-75d62c3664f7?crop=entropy&cs=tinysrgb&fit=max&fm=jpg&ixid=M3w1MTkxODd8MHwxfHNlYXJjaHw5fHxkaXNndXN0JTIwZW1vdGlvbnxlbnwwfHx8fDE2OTgwNTIzNTN8MA&ixlib=rb-4.0.3&q=80&w=1080,635d7eb5ca069c6a0dc69227663d274c
disgust,https://images.unsplash.com/photo-1542865763-0339b28c4a34?crop=entropy&cs=tinysrgb&fit=max&fm=jpg&ixid=M3w1MTkxODd8MHwxfHNlYXJjaHwxMHx8ZGlzZ3VzdCUyMGVtb3Rpb258ZW58MHx8fHwxNjk4MDUyMzUzfDA&ixlib=rb-4.0.3&q=80&w=1080,48e482cc15fd77a2aa3985985305ba4d
embarrassment,https://images.unsplash.com/photo-1521075486433-bf4052bb37bc?crop=entropy&cs=tinysrgb&fit=max&fm=jpg&ixid=M3w1MTkxODd8MHwxfHNlYXJjaHwxfHxlbWJhcnJhc3NtZW50JTIwZW1vdGlvbnxlbnwwfHx8fDE2OTgwNTIzOTd8MA&ixlib=rb-4.0.3&q=80&w=1080,2b9f9ad7569c4ecf0184b3f59d0e6efa
embarrassment,https://images.unsplash.com/photo-1619431843897-4676bff0c286?crop=entropy&cs=tinysrgb&fit=max&fm=jpg&ixid=M3w1MTkxODd8MHwxfHNlYXJjaHwyfHxlbWJhcnJhc3NtZW50JTIwZW1vdGlvbnxlbnwwfHx8fDE2OTgwNTIzOTd8MA&ixlib=rb-4.0.3&q=80&w=1080,a8a0205afb611db3873d9ce2d3574043
embarrassment,https://images.unsplash.com/photo-1619431843665-54babc76ac8c?crop=entropy&cs=tinysrgb&fit=max&fm=jpg&ixid=M3w1MTkxODd8MHwxfHNlYXJjaHwzfHxlbWJhcnJhc3NtZW50JTIwZW1vdGlvbnxlbnwwfHx8fDE2OTgwNTIzOTd8MA&ixlib=rb-4.0.3&q=80&w=1080,78c80f89ec0c2267ee80e712bade8c6c
embarrassment,https://images.unsplash.com/photo-1603792907191-89e55f70099a?crop=entropy&cs=tinysrgb&fit=max&fm=jpg&ixid=M3w1MTkxODd8MHwxfHNlYXJjaHw0fHxlbWJhcnJhc3NtZW50JTIwZW1vdGlvbnxlbnwwfHx8fDE2OTgwNTIzOTd8MA&ixlib=rb-4.0.3&q=80&w=1080,4bc120a7f1fa882434539b32c54a58d9
embarrassment,https://images.unsplash.com/photo-1422544834386-d121ef7c6ea8?crop=entropy&cs=tinysrgb&fit=max&fm=jpg&ixid=M3w1MTkxODd8MHwxfHNlYXJjaHw1fHxlbWJhcnJhc3NtZW50JTIwZW1vdGlvbnxlbnwwfHx8fDE2OTgwNTIzOTd8MA&ixlib=rb-4.0.3&q=80&w=1080,f82c541200310595ba547cefb3158137
embarrassment,https://images.unsplash.com/photo-1517832207067-4db24a2ae47c?crop=entropy&cs=tinysrgb&fit=max&fm=jpg&ixid=M3w1MTkxODd8MHwxfHNlYXJjaHw2fHxlbWJhcnJhc3NtZW50JTIwZW1vdGlvbnxlbnwwfHx8fDE2OTgwNTIzOTd8MA&ixlib=rb-4.0.3&q=80&w=1080,2b567d67064b4b474272f0e4a0c7d064
embarrassment,https://images.unsplash.com/photo-1605595988901-3d06601c38ad?crop=entropy&cs=tinysrgb&fit=max&fm=jpg&ixid=M3w1MTkxODd8MHwxfHNlYXJjaHw3fHxlbWJhcnJhc3NtZW50JTIwZW1vdGlvbnxlbnwwfHx8fDE2OTgwNTIzOTd8MA&ixlib=rb-4.0.3&q=80&w=1080,f59c0f552902ae5421ae10dc55b2d90f
embarrassment,https://images.unsplash.com/photo-1500099817043-86d46000d58f?crop=entropy&cs=tinysrgb&fit=max&fm=jpg&ixid=M3w1MTkxODd8MHwxfHNlYXJjaHw4fHxlbWJhcnJhc3NtZW50JTIwZW1vdGlvbnxlbnwwfHx8fDE2OTgwNTIzOTd8MA&ixlib=rb-4.0.3&q=80&w=1080,84fe3f68e368c30d59d8a4cf980109f7
embarrassment,https://images.unsplash.com/photo-1524293568345-75d62c3664f7?crop=entropy&cs=tinysrgb&fit=max&fm=jpg&ixid=M3w1MTkxODd8MHwxfHNlYXJjaHw5fHxlbWJhcnJhc3NtZW50JTIwZW1vdGlvbnxlbnwwfHx8fDE2OTgwNTIzOTd8MA&ixlib=rb-4.0.3&q=80&w=1080,bc0218dc11f476e84b29e561d1397f3a
embarrassment,https://images.unsplash.com/photo-1542865763-0339b28c4a34?crop=entropy&cs=tinysrgb&fit=max&fm=jpg&ixid=M3w1MTkxODd8MHwxfHNlYXJjaHwxMHx8ZW1iYXJyYXNzbWVudCUyMGVtb3Rpb258ZW58MHx8fHwxNjk4MDUyMzk3fDA&ixlib=rb-4.0.3&q=80&w=1080,913a21d743aab63e20686fc11f58f761
excitement,https://images.unsplash.com/photo-1646320497414-55e94806eb40?crop=entropy&cs=tinysrgb&fit=max&fm=jpg&ixid=M3w1MTkxODd8MHwxfHNlYXJjaHwxfHxleGNpdGVtZW50JTIwZW1vdGlvbnxlbnwwfHx8fDE2OTgwNTI0Mzl8MA&ixlib=rb-4.0.3&q=80&w=1080,2eca54929bf8d186bdb1f24d373d13d9
excitement,https://images.unsplash.com/photo-1468465283534-567e4e13af0f?crop=entropy&cs=tinysrgb&fit=max&fm=jpg&ixid=M3w1MTkxODd8MHwxfHNlYXJjaHwyfHxleGNpdGVtZW50JTIwZW1vdGlvbnxlbnwwfHx8fDE2OTgwNTI0Mzl8MA&ixlib=rb-4.0.3&q=80&w=1080,77da7421b3111ec3e43ea4b808f9a9f4
excitement,https://images.unsplash.com/photo-1493351962959-98c0733fcea6?crop=entropy&cs=tinysrgb&fit=max&fm=jpg&ixid=M3w1MTkxODd8MHwxfHNlYXJjaHwzfHxleGNpdGVtZW50JTIwZW1vdGlvbnxlbnwwfHx8fDE2OTgwNTI0Mzl8MA&ixlib=rb-4.0.3&q=80&w=1080,a600b31064d1fadecfb4eab69916119a
excitement,https://images.unsplash.com/photo-1569776725274-9c22086c89f3?crop=entropy&cs=tinysrgb&fit=max&fm=jpg&ixid=M3w1MTkxODd8MHwxfHNlYXJjaHw0fHxleGNpdGVtZW50JTIwZW1vdGlvbnxlbnwwfHx8fDE2OTgwNTI0Mzl8MA&ixlib=rb-4.0.3&q=80&w=1080,1c8b476458a5a2f98d8a468cff52390a
excitement,https://images.unsplash.com/photo-1514739677676-e2c42dc777c9?crop=entropy&cs=tinysrgb&fit=max&fm=jpg&ixid=M3w1MTkxODd8MHwxfHNlYXJjaHw1fHxleGNpdGVtZW50JTIwZW1vdGlvbnxlbnwwfHx8fDE2OTgwNTI0Mzl8MA&ixlib=rb-4.0.3&q=80&w=1080,7356eb83b1060d8d58aa3fcd5b310100
excitement,https://images.unsplash.com/photo-1545315003-c5ad6226c272?crop=entropy&cs=tinysrgb&fit=max&fm=jpg&ixid=M3w1MTkxODd8MHwxfHNlYXJjaHw2fHxleGNpdGVtZW50JTIwZW1vdGlvbnxlbnwwfHx8fDE2OTgwNTI0Mzl8MA&ixlib=rb-4.0.3&q=80&w=1080,b5982041e8b94fd215e1afe357aae321
excitement,https://images.unsplash.com/photo-1551656222-71345ab13814?crop=entropy&cs=tinysrgb&fit=max&fm=jpg&ixid=M3w1MTkxODd8MHwxfHNlYXJjaHw3fHxleGNpdGVtZW50JTIwZW1vdGlvbnxlbnwwfHx8fDE2OTgwNTI0Mzl8MA&ixlib=rb-4.0.3&q=80&w=1080,a60f73ca49598e0a825e99a4c0240b45
excitement,https://images.unsplash.com/photo-1682084252002-5c030a9d2bcd?crop=entropy&cs=tinysrgb&fit=max&fm=jpg&ixid=M3w1MTkxODd8MHwxfHNlYXJjaHw4fHxleGNpdGVtZW50JTIwZW1vdGlvbnxlbnwwfHx8fDE2OTgwNTI0Mzl8MA&ixlib=rb-4.0.3&q=80&w=1080,14705d93b29758ff00e40d5401b7f4a6
excitement,https://images.unsplash.com/photo-1521075486433-bf4052bb37bc?crop=entropy&cs=tinysrgb&fit=max&fm=jpg&ixid=M3w1MTkxODd8MHwxfHNlYXJjaHw5fHxleGNpdGVtZW50JTIwZW1vdGlvbnxlbnwwfHx8fDE2OTgwNTI0Mzl8MA&ixlib=rb-4.0.3&q=80&w=1080,3ae40c9aefb123789f9beed4e8603c6d
excitement,https://images.unsplash.com/photo-1619431843897-4676bff0c286?crop=entropy&cs=tinysrgb&fit=max&fm=jpg&ixid=M3w1MTkxODd8MHwxfHNlYXJjaHwxMHx8ZXhjaXRlbWVudCUyMGVtb3Rpb258ZW58MHx8fHwxNjk4MDUyNDM5fDA&ixlib=rb-4.0.3&q=80&w=1080,346b8984737fa26be4fba10e7882f385
fear,https://images.unsplash.com/photo-1619431843897-4676bff0c286?crop=entropy&cs=tinysrgb&fit=max&fm=jpg&ixid=M3w1MTkxODd8MHwxfHNlYXJjaHwxfHxmZWFyJTIwZW1vdGlvbnxlbnwwfHx8fDE2OTgwNTI0NzZ8MA&ixlib=rb-4.0.3&q=80&w=1080,ea91f77bcf634f7ccd265b8097798586
fear,https://images.unsplash.com/photo-1472162072942-cd5147eb3902?crop=entropy&cs=tinysrgb&fit=max&fm=jpg&ixid=M3w1MTkxODd8MHwxfHNlYXJjaHwyfHxmZWFyJTIwZW1vdGlvbnxlbnwwfHx8fDE2OTgwNTI0NzZ8MA&ixlib=rb-4.0.3&q=80&w=1080,90cb3e2aed6c8bc79990a984bf7f3b83
fear,https://images.unsplash.com/photo-1545671678-0c1ea894e064?crop=entropy&cs=tinysrgb&fit=max&fm=jpg&ixid=M3w1MTkxODd8MHwxfHNlYXJjaHwzfHxmZWFyJTIwZW1vdGlvbnxlbnwwfHx8fDE2OTgwNTI0NzZ8MA&ixlib=rb-4.0.3&q=80&w=1080,459d279c1689122653ec2bad32774e50
fear,https://images.unsplash.com/photo-1545671651-123c322b7f47?crop=entropy&cs=tinysrgb&fit=max&fm=jpg&ixid=M3w1MTkxODd8MHwxfHNlYXJjaHw0fHxmZWFyJTIwZW1vdGlvbnxlbnwwfHx8fDE2OTgwNTI0NzZ8MA&ixlib=rb-4.0.3&q=80&w=1080,e6f83f1ad5da25097054906df7a2fcdd
fear,https://images.unsplash.com/photo-1618698937101-baf2bf0e3e63?crop=entropy&cs=tinysrgb&fit=max&fm=jpg&ixid=M3w1MTkxODd8MHwxfHNlYXJjaHw1fHxmZWFyJTIwZW1vdGlvbnxlbnwwfHx8fDE2OTgwNTI0NzZ8MA&ixlib=rb-4.0.3&q=80&w=1080,442403cc277d6e63a4de4cedb55c64a3
fear,https://images.unsplash.com/photo-1603792907191-89e55f70099a?crop=entropy&cs=tinysrgb&fit=max&fm=jpg&ixid=M3w1MTkxODd8MHwxfHNlYXJjaHw2fHxmZWFyJTIwZW1vdGlvbnxlbnwwfHx8fDE2OTgwNTI0NzZ8MA&ixlib=rb-4.0.3&q=80&w=1080,c32f6b5d9e1e0c6ba5a934d27122df4e
fear,https://images.unsplash.com/photo-1468866576576-de8a9bf61f92?crop=entropy&cs=tinysrgb&fit=max&fm=jpg&ixid=M3w1MTkxODd8MHwxfHNlYXJjaHw3fHxmZWFyJTIwZW1vdGlvbnxlbnwwfHx8fDE2OTgwNTI0NzZ8MA&ixlib=rb-4.0.3&q=80&w=1080,a2e43686149be1ef132345eb4a27ec8e
fear,https://images.unsplash.com/photo-1619950835688-1bddaffce4a0?crop=entropy&cs=tinysrgb&fit=max&fm=jpg&ixid=M3w1MTkxODd8MHwxfHNlYXJjaHw4fHxmZWFyJTIwZW1vdGlvbnxlbnwwfHx8fDE2OTgwNTI0NzZ8MA&ixlib=rb-4.0.3&q=80&w=1080,c02f00d195c10cb3e897ade79a0a340b
fear,https://images.unsplash.com/photo-1619950835683-dec073f24fef?crop=entropy&cs=tinysrgb&fit=max&fm=jpg&ixid=M3w1MTkxODd8MHwxfHNlYXJjaHw5fHxmZWFyJTIwZW1vdGlvbnxlbnwwfHx8fDE2OTgwNTI0NzZ8MA&ixlib=rb-4.0.3&q=80&w=1080,cfcecdf5323989333d1426170e6efcd9
fear,https://images.unsplash.com/photo-1619950835693-12c11cfeb60d?crop=entropy&cs=tinysrgb&fit=max&fm=jpg&ixid=M3w1MTkxODd8MHwxfHNlYXJjaHwxMHx8ZmVhciUyMGVtb3Rpb258ZW58MHx8fHwxNjk4MDUyNDc2fDA&ixlib=rb-4.0.3&q=80&w=1080,e3989198e21edb897c2a66cc38eab07d
gratitude,https://images.unsplash.com/photo-1586810165616-94c631fc2f79?crop=entropy&cs=tinysrgb&fit=max&fm=jpg&ixid=M3w1MTkxODd8MHwxfHNlYXJjaHwxfHxncmF0aXR1ZGUlMjBlbW90aW9ufGVufDB8fHx8MTY5ODA1MjUxMnww&ixlib=rb-4.0.3&q=80&w=1080,f02c9d00532f06509ceb9370209bc2e0
gratitude,https://images.unsplash.com/photo-1586810165699-f4972ac539ff?crop=entropy&cs=tinysrgb&fit=max&fm=jpg&ixid=M3w1MTkxODd8MHwxfHNlYXJjaHwyfHxncmF0aXR1ZGUlMjBlbW90aW9ufGVufDB8fHx8MTY5ODA1MjUxMnww&ixlib=rb-4.0.3&q=80&w=1080,dc3db80a5209a379d1db75a010549645
gratitude,https://images.unsplash.com/photo-1586810165586-18eb8d82e51f?crop=entropy&cs=tinysrgb&fit=max&fm=jpg&ixid=M3w1MTkxODd8MHwxfHNlYXJjaHwzfHxncmF0aXR1ZGUlMjBlbW90aW9ufGVufDB8fHx8MTY5ODA1MjUxMnww&ixlib=rb-4.0.3&q=80&w=1080,cf738bd7f21464c454fb6845e63e6a76
gratitude,https://images.unsplash.com/photo-1586810165626-7e665dc0dbcb?crop=entropy&cs=tinysrgb&fit=max&fm=jpg&ixid=M3w1MTkxODd8MHwxfHNlYXJjaHw0fHxncmF0aXR1ZGUlMjBlbW90aW9ufGVufDB8fHx8MTY5ODA1MjUxMnww&ixlib=rb-4.0.3&q=80&w=1080,ae0ba252b1c9ef014d737b677c53927b
gratitude,https://images.unsplash.com/photo-1668027400307-c316968e8015?crop=entropy&cs=tinysrgb&fit=max&fm=jpg&ixid=M3w1MTkxODd8MHwxfHNlYXJjaHw1fHxncmF0aXR1ZGUlMjBlbW90aW9ufGVufDB8fHx8MTY5ODA1MjUxMnww&ixlib=rb-4.0.3&q=80&w=1080,4e5cf6d079faf3866d6fe33645ecbf77
gratitude,https://images.unsplash.com/photo-1586810165511-781c734b6b0c?crop=entropy&cs=tinysrgb&fit=max&fm=jpg&ixid=M3w1MTkxODd8MHwxfHNlYXJjaHw2fHxncmF0aXR1ZGUlMjBlbW90aW9ufGVufDB8fHx8MTY5ODA1MjUxMnww&ixlib=rb-4.0.3&q=80&w=1080,91ec5dc82d157a03ac34e848ec1d14db
gratitude,https://images.unsplash.com/photo-1600371046730-d9a6223c2525?crop=entropy&cs=tinysrgb&fit=max&fm=jpg&ixid=M3w1MTkxODd8MHwxfHNlYXJjaHw3fHxncmF0aXR1ZGUlMjBlbW90aW9ufGVufDB8fHx8MTY5ODA1MjUxMnww&ixlib=rb-4.0.3&q=80&w=1080,55e20361a832c55457b32e7c7d3f8496
gratitude,https://images.unsplash.com/photo-1606737645091-73c96000c891?crop=entropy&cs=tinysrgb&fit=max&fm=jpg&ixid=M3w1MTkxODd8MHwxfHNlYXJjaHw4fHxncmF0aXR1ZGUlMjBlbW90aW9ufGVufDB8fHx8MTY5ODA1MjUxMnww&ixlib=rb-4.0.3&q=80&w=1080,0f00b6029e54657d49a15d92040df5bc
gratitude,https://images.unsplash.com/photo-1521075486433-bf4052bb37bc?crop=entropy&cs=tinysrgb&fit=max&fm=jpg&ixid=M3w1MTkxODd8MHwxfHNlYXJjaHw5fHxncmF0aXR1ZGUlMjBlbW90aW9ufGVufDB8fHx8MTY5ODA1MjUxMnww&ixlib=rb-4.0.3&q=80&w=1080,ff8483fdd67910708c10f03ee77d0cf4
gratitude,https://images.unsplash.com/photo-1619431843897-4676bff0c286?crop=entropy&cs=tinysrgb&fit=max&fm=jpg&ixid=M3w1MTkxODd8MHwxfHNlYXJjaHwxMHx8Z3JhdGl0dWRlJTIwZW1vdGlvbnxlbnwwfHx8fDE2OTgwNTI1MTJ8MA&ixlib=rb-4.0.3&q=80&w=1080,95a500920911a7ce95afc6c9da90632c
grief,https://images.unsplash.com/photo-1521075486433-bf4052bb37bc?crop=entropy&cs=tinysrgb&fit=max&fm=jpg&ixid=M3w1MTkxODd8MHwxfHNlYXJjaHwxfHxncmllZiUyMGVtb3Rpb258ZW58MHx8fHwxNjk4MDUyNTQ0fDA&ixlib=rb-4.0.3&q=80&w=1080,7959c6816caf72985f447d5b7749e3f2
grief,https://images.unsplash.com/photo-1621882671475-4cc7f99ae4ca?crop=entropy&cs=tinysrgb&fit=max&fm=jpg&ixid=M3w1MTkxODd8MHwxfHNlYXJjaHwyfHxncmllZiUyMGVtb3Rpb258ZW58MHx8fHwxNjk4MDUyNTQ0fDA&ixlib=rb-4.0.3&q=80&w=1080,103d3e5396084b11211921a91ff759fc
grief,https://images.unsplash.com/photo-1456162018889-1d2b969f7084?crop=entropy&cs=tinysrgb&fit=max&fm=jpg&ixid=M3w1MTkxODd8MHwxfHNlYXJjaHwzfHxncmllZiUyMGVtb3Rpb258ZW58MHx8fHwxNjk4MDUyNTQ0fDA&ixlib=rb-4.0.3&q=80&w=1080,0f0de283a40805eb0445d8f1334126b3
grief,https://images.unsplash.com/photo-1484973768669-7fb6b5451095?crop=entropy&cs=tinysrgb&fit=max&fm=jpg&ixid=M3w1MTkxODd8MHwxfHNlYXJjaHw0fHxncmllZiUyMGVtb3Rpb258ZW58MHx8fHwxNjk4MDUyNTQ0fDA&ixlib=rb-4.0.3&q=80&w=1080,7f2c505d1258fc18ee5a2d1e581f6625
grief,https://images.unsplash.com/photo-1422544834386-d121ef7c6ea8?crop=entropy&cs=tinysrgb&fit=max&fm=jpg&ixid=M3w1MTkxODd8MHwxfHNlYXJjaHw1fHxncmllZiUyMGVtb3Rpb258ZW58MHx8fHwxNjk4MDUyNTQ0fDA&ixlib=rb-4.0.3&q=80&w=1080,26d075119ec7c57d8912a9d5c753c855
grief,https://images.unsplash.com/photo-1475609471617-0ef53b59cff5?crop=entropy&cs=tinysrgb&fit=max&fm=jpg&ixid=M3w1MTkxODd8MHwxfHNlYXJjaHw2fHxncmllZiUyMGVtb3Rpb258ZW58MHx8fHwxNjk4MDUyNTQ0fDA&ixlib=rb-4.0.3&q=80&w=1080,daeec5f2d9be91d13544e8b9abb91516
grief,https://images.unsplash.com/photo-1527236438218-d82077ae1f85?crop=entropy&cs=tinysrgb&fit=max&fm=jpg&ixid=M3w1MTkxODd8MHwxfHNlYXJjaHw3fHxncmllZiUyMGVtb3Rpb258ZW58MHx8fHwxNjk4MDUyNTQ0fDA&ixlib=rb-4.0.3&q=80&w=1080,d227eb8538c579124c927bcd2f2a42eb
grief,https://images.unsplash.com/photo-1525120334885-38cc03a6ec77?crop=entropy&cs=tinysrgb&fit=max&fm=jpg&ixid=M3w1MTkxODd8MHwxfHNlYXJjaHw4fHxncmllZiUyMGVtb3Rpb258ZW58MHx8fHwxNjk4MDUyNTQ0fDA&ixlib=rb-4.0.3&q=80&w=1080,4c8ad2cfac52865dbc329b31043a36f8
grief,https://images.unsplash.com/photo-1474901879171-d6f34b3a99b0?crop=entropy&cs=tinysrgb&fit=max&fm=jpg&ixid=M3w1MTkxODd8MHwxfHNlYXJjaHw5fHxncmllZiUyMGVtb3Rpb258ZW58MHx8fHwxNjk4MDUyNTQ0fDA&ixlib=rb-4.0.3&q=80&w=1080,7710d215f8a584b622adcfc44fb396a3
grief,https://images.unsplash.com/photo-1500099817043-86d46000d58f?crop=entropy&cs=tinysrgb&fit=max&fm=jpg&ixid=M3w1MTkxODd8MHwxfHNlYXJjaHwxMHx8Z3JpZWYlMjBlbW90aW9ufGVufDB8fHx8MTY5ODA1MjU0NHww&ixlib=rb-4.0.3&q=80&w=1080,d390c562526802b2d365fe63f5cfb5f9
joy,https://images.unsplash.com/photo-1489278353717-f64c6ee8a4d2?crop=entropy&cs=tinysrgb&fit=max&fm=jpg&ixid=M3w1MTkxODd8MHwxfHNlYXJjaHwxfHxqb3klMjBlbW90aW9ufGVufDB8fHx8MTY5ODA3NjM0Nnww&ixlib=rb-4.0.3&q=80&w=1080,f49b0945cf8131623c7e84807f71bcd0
joy,https://images.unsplash.com/photo-1517832207067-4db24a2ae47c?crop=entropy&cs=tinysrgb&fit=max&fm=jpg&ixid=M3w1MTkxODd8MHwxfHNlYXJjaHwyfHxqb3klMjBlbW90aW9ufGVufDB8fHx8MTY5ODA3NjM0Nnww&ixlib=rb-4.0.3&q=80&w=1080,14b7456305ecf72418bdcc03c366d61c
joy,https://images.unsplash.com/photo-1584367369853-8b966cf223f4?crop=entropy&cs=tinysrgb&fit=max&fm=jpg&ixid=M3w1MTkxODd8MHwxfHNlYXJjaHwzfHxqb3klMjBlbW90aW9ufGVufDB8fHx8MTY5ODA3NjM0Nnww&ixlib=rb-4.0.3&q=80&w=1080,05eef73455a4752ef2f460a7a43087f1
joy,https://images.unsplash.com/photo-1472162072942-cd5147eb3902?crop=entropy&cs=tinysrgb&fit=max&fm=jpg&ixid=M3w1MTkxODd8MHwxfHNlYXJjaHw0fHxqb3klMjBlbW90aW9ufGVufDB8fHx8MTY5ODA3NjM0Nnww&ixlib=rb-4.0.3&q=80&w=1080,40ed3fe992c2c05b44b4d2a9e98c89f1
joy,https://images.unsplash.com/photo-1489710437720-ebb67ec84dd2?crop=entropy&cs=tinysrgb&fit=max&fm=jpg&ixid=M3w1MTkxODd8MHwxfHNlYXJjaHw1fHxqb3klMjBlbW90aW9ufGVufDB8fHx8MTY5ODA3NjM0Nnww&ixlib=rb-4.0.3&q=80&w=1080,0d4bd920a4cbbe4c52e7ae6cb7357a24
joy,https://images.unsplash.com/photo-1494790108377-be9c29b29330?crop=entropy&cs=tinysrgb&fit=max&fm=jpg&ixid=M3w1MTkxODd8MHwxfHNlYXJjaHw2fHxqb3klMjBlbW90aW9ufGVufDB8fHx8MTY5ODA3NjM0Nnww&ixlib=rb-4.0.3&q=80&w=1080,29156bf823a82711cd5276be0c7212d3
joy,https://images.unsplash.com/photo-1585237017125-24baf8d7406f?crop=entropy&cs=tinysrgb&fit=max&fm=jpg&ixid=M3w1MTkxODd8MHwxfHNlYXJjaHw3fHxqb3klMjBlbW90aW9ufGVufDB8fHx8MTY5ODA3NjM0Nnww&ixlib=rb-4.0.3&q=80&w=1080,b11b16fea687f5682f52bbd24458b389
joy,https://images.unsplash.com/photo-1583264277168-58ceba4b84e7?crop=entropy&cs=tinysrgb&fit=max&fm=jpg&ixid=M3w1MTkxODd8MHwxfHNlYXJjaHw4fHxqb3klMjBlbW90aW9ufGVufDB8fHx8MTY5ODA3NjM0Nnww&ixlib=rb-4.0.3&q=80&w=1080,91e07a9621d905580f7bc6df6668244a
joy,https://images.unsplash.com/photo-1585237089582-a853573c2d54?crop=entropy&cs=tinysrgb&fit=max&fm=jpg&ixid=M3w1MTkxODd8MHwxfHNlYXJjaHw5fHxqb3klMjBlbW90aW9ufGVufDB8fHx8MTY5ODA3NjM0Nnww&ixlib=rb-4.0.3&q=80&w=1080,83b0d8ad19aed591d89ed2387cb90e35
joy,https://images.unsplash.com/photo-1617694979129-c093b108cc4a?crop=entropy&cs=tinysrgb&fit=max&fm=jpg&ixid=M3w1MTkxODd8MHwxfHNlYXJjaHwxMHx8am95JTIwZW1vdGlvbnxlbnwwfHx8fDE2OTgwNzYzNDZ8MA&ixlib=rb-4.0.3&q=80&w=1080,32cae10a56742d9af96c94ce6c2cb47d
love,https://images.unsplash.com/photo-1521075486433-bf4052bb37bc?crop=entropy&cs=tinysrgb&fit=max&fm=jpg&ixid=M3w1MTkxODd8MHwxfHNlYXJjaHwxfHxsb3ZlJTIwZW1vdGlvbnxlbnwwfHx8fDE2OTgwNzYzNTB8MA&ixlib=rb-4.0.3&q=80&w=1080,062281e74fd34612076de27d0018f833
love,https://images.unsplash.com/photo-1422544834386-d121ef7c6ea8?crop=entropy&cs=tinysrgb&fit=max&fm=jpg&ixid=M3w1MTkxODd8MHwxfHNlYXJjaHwyfHxsb3ZlJTIwZW1vdGlvbnxlbnwwfHx8fDE2OTgwNzYzNTB8MA&ixlib=rb-4.0.3&q=80&w=1080,a78b0f4aca328843600c8e8fedd6673d
love,https://images.unsplash.com/photo-1475609471617-0ef53b59cff5?crop=entropy&cs=tinysrgb&fit=max&fm=jpg&ixid=M3w1MTkxODd8MHwxfHNlYXJjaHwzfHxsb3ZlJTIwZW1vdGlvbnxlbnwwfHx8fDE2OTgwNzYzNTB8MA&ixlib=rb-4.0.3&q=80&w=1080,b1b83239276d4923ad5210f8a19bdb2c
love,https://images.unsplash.com/photo-1587483166702-bf9aa66bd791?crop=entropy&cs=tinysrgb&fit=max&fm=jpg&ixid=M3w1MTkxODd8MHwxfHNlYXJjaHw0fHxsb3ZlJTIwZW1vdGlvbnxlbnwwfHx8fDE2OTgwNzYzNTB8MA&ixlib=rb-4.0.3&q=80&w=1080,75e08212ebb50b51e2887bcdabc55625
love,https://images.unsplash.com/photo-1613529828916-7dd087265af1?crop=entropy&cs=tinysrgb&fit=max&fm=jpg&ixid=M3w1MTkxODd8MHwxfHNlYXJjaHw1fHxsb3ZlJTIwZW1vdGlvbnxlbnwwfHx8fDE2OTgwNzYzNTB8MA&ixlib=rb-4.0.3&q=80&w=1080,332da756ff9ccc2b61901952963277b5
love,https://images.unsplash.com/photo-1614272476544-77b3d81448c4?crop=entropy&cs=tinysrgb&fit=max&fm=jpg&ixid=M3w1MTkxODd8MHwxfHNlYXJjaHw2fHxsb3ZlJTIwZW1vdGlvbnxlbnwwfHx8fDE2OTgwNzYzNTB8MA&ixlib=rb-4.0.3&q=80&w=1080,bf16f4684a698c9527bd7bc005470600
love,https://images.unsplash.com/photo-1612453456689-7041c5312309?crop=entropy&cs=tinysrgb&fit=max&fm=jpg&ixid=M3w1MTkxODd8MHwxfHNlYXJjaHw3fHxsb3ZlJTIwZW1vdGlvbnxlbnwwfHx8fDE2OTgwNzYzNTB8MA&ixlib=rb-4.0.3&q=80&w=1080,f4ba297315e7fee26b5bb768abf93fc7
love,https://images.unsplash.com/photo-1623673252231-90b48e4835a4?crop=entropy&cs=tinysrgb&fit=max&fm=jpg&ixid=M3w1MTkxODd8MHwxfHNlYXJjaHw4fHxsb3ZlJTIwZW1vdGlvbnxlbnwwfHx8fDE2OTgwNzYzNTB8MA&ixlib=rb-4.0.3&q=80&w=1080,8dbe1fbc15b1124484a12c4429191c44
love,https://images.unsplash.com/photo-1474901879171-d6f34b3a99b0?crop=entropy&cs=tinysrgb&fit=max&fm=jpg&ixid=M3w1MTkxODd8MHwxfHNlYXJjaHw5fHxsb3ZlJTIwZW1vdGlvbnxlbnwwfHx8fDE2OTgwNzYzNTB8MA&ixlib=rb-4.0.3&q=80&w=1080,3d780be3c9e6e796db3b67463c515c82
love,https://images.unsplash.com/photo-1493732753663-827f6ef7832b?crop=entropy&cs=tinysrgb&fit=max&fm=jpg&ixid=M3w1MTkxODd8MHwxfHNlYXJjaHwxMHx8bG92ZSUyMGVtb3Rpb258ZW58MHx8fHwxNjk4MDc2MzUwfDA&ixlib=rb-4.0.3&q=80&w=1080,ce24f638298e1fbb23b5017fbbba8e2a
nervousness,https://images.unsplash.com/photo-1662496035249-873756ee2277?crop=entropy&cs=tinysrgb&fit=max&fm=jpg&ixid=M3w1MTkxODd8MHwxfHNlYXJjaHwxfHxuZXJ2b3VzbmVzcyUyMGVtb3Rpb258ZW58MHx8fHwxNjk4MDc2MzU1fDA&ixlib=rb-4.0.3&q=80&w=1080,ce8182c9151228589354c1d8a7fa8a10
nervousness,https://images.unsplash.com/photo-1527236438218-d82077ae1f85?crop=entropy&cs=tinysrgb&fit=max&fm=jpg&ixid=M3w1MTkxODd8MHwxfHNlYXJjaHwyfHxuZXJ2b3VzbmVzcyUyMGVtb3Rpb258ZW58MHx8fHwxNjk4MDc2MzU1fDA&ixlib=rb-4.0.3&q=80&w=1080,0fe60e8e1513e853c7835bb9ccba661d
nervousness,https://images.unsplash.com/photo-1483193722442-5422d99849bc?crop=entropy&cs=tinysrgb&fit=max&fm=jpg&ixid=M3w1MTkxODd8MHwxfHNlYXJjaHwzfHxuZXJ2b3VzbmVzcyUyMGVtb3Rpb258ZW58MHx8fHwxNjk4MDc2MzU1fDA&ixlib=rb-4.0.3&q=80&w=1080,e0605b91304b4610b02114ba13e202db
nervousness,https://images.unsplash.com/photo-1555895215-7f133e44374f?crop=entropy&cs=tinysrgb&fit=max&fm=jpg&ixid=M3w1MTkxODd8MHwxfHNlYXJjaHw0fHxuZXJ2b3VzbmVzcyUyMGVtb3Rpb258ZW58MHx8fHwxNjk4MDc2MzU1fDA&ixlib=rb-4.0.3&q=80&w=1080,0c7640fcee81136457e3aaf50a8db19f
nervousness,https://images.unsplash.com/photo-1551464575-7b516d311e95?crop=entropy&cs=tinysrgb&fit=max&fm=jpg&ixid=M3w1MTkxODd8MHwxfHNlYXJjaHw1fHxuZXJ2b3VzbmVzcyUyMGVtb3Rpb258ZW58MHx8fHwxNjk4MDc2MzU1fDA&ixlib=rb-4.0.3&q=80&w=1080,5ab7088afc4229016261c8781322d1d2
nervousness,https://images.unsplash.com/photo-1690052346621-e541ac1efe9e?crop=entropy&cs=tinysrgb&fit=max&fm=jpg&ixid=M3w1MTkxODd8MHwxfHNlYXJjaHw2fHxuZXJ2b3VzbmVzcyUyMGVtb3Rpb258ZW58MHx8fHwxNjk4MDc2MzU1fDA&ixlib=rb-4.0.3&q=80&w=1080,c494df55bb19d2e8ecc87385d40e3f39
nervousness,https://images.unsplash.com/photo-1623446713256-599eecb668ac?crop=entropy&cs=tinysrgb&fit=max&fm=jpg&ixid=M3w1MTkxODd8MHwxfHNlYXJjaHw3fHxuZXJ2b3VzbmVzcyUyMGVtb3Rpb258ZW58MHx8fHwxNjk4MDc2MzU1fDA&ixlib=rb-4.0.3&q=80&w=1080,9a25b984c6b02271e8c078dae4f909dc
nervousness,https://images.unsplash.com/photo-1623446678887-2b29d51fdee7?crop=entropy&cs=tinysrgb&fit=max&fm=jpg&ixid=M3w1MTkxODd8MHwxfHNlYXJjaHw4fHxuZXJ2b3VzbmVzcyUyMGVtb3Rpb258ZW58MHx8fHwxNjk4MDc2MzU1fDA&ixlib=rb-4.0.3&q=80&w=1080,6542b9881cbc24119e8ced2a30a97308
nervousness,https://images.unsplash.com/photo-1541199249251-f713e6145474?crop=entropy&cs=tinysrgb&fit=max&fm=jpg&ixid=M3w1MTkxODd8MHwxfHNlYXJjaHw5fHxuZXJ2b3VzbmVzcyUyMGVtb3Rpb258ZW58MHx8fHwxNjk4MDc2MzU1fDA&ixlib=rb-4.0.3&q=80&w=1080,d61128fa57cb036a6988916674cd30d4
nervousness,https://images.unsplash.com/photo-1516534775068-ba3e7458af70?crop=entropy&cs=tinysrgb&fit=max&fm=jpg&ixid=M3w1MTkxODd8MHwxfHNlYXJjaHwxMHx8bmVydm91c25lc3MlMjBlbW90aW9ufGVufDB8fHx8MTY5ODA3NjM1NXww&ixlib=rb-4.0.3&q=80&w=1080,729f0fed1ab4b16daab10808752dd669
optimism,https://images.unsplash.com/photo-1524293568345-75d62c3664f7?crop=entropy&cs=tinysrgb&fit=max&fm=jpg&ixid=M3w1MTkxODd8MHwxfHNlYXJjaHwxfHxvcHRpbWlzbSUyMGVtb3Rpb258ZW58MHx8fHwxNjk4MDc2MzYyfDA&ixlib=rb-4.0.3&q=80&w=1080,c62138986529aa7f7a678d0874eb633e
optimism,https://images.unsplash.com/photo-1628313388777-9b9a751dfc6a?crop=entropy&cs=tinysrgb&fit=max&fm=jpg&ixid=M3w1MTkxODd8MHwxfHNlYXJjaHwyfHxvcHRpbWlzbSUyMGVtb3Rpb258ZW58MHx8fHwxNjk4MDc2MzYyfDA&ixlib=rb-4.0.3&q=80&w=1080,af8d17888cdb74073d652adb425258b2
optimism,https://images.unsplash.com/photo-1668638502334-868f5775607c?crop=entropy&cs=tinysrgb&fit=max&fm=jpg&ixid=M3w1MTkxODd8MHwxfHNlYXJjaHwzfHxvcHRpbWlzbSUyMGVtb3Rpb258ZW58MHx8fHwxNjk4MDc2MzYyfDA&ixlib=rb-4.0.3&q=80&w=1080,f68fdbb0bf8f853211eb890acf3c143f
optimism,https://images.unsplash.com/photo-1641771569525-9db53fd31fd5?crop=entropy&cs=tinysrgb&fit=max&fm=jpg&ixid=M3w1MTkxODd8MHwxfHNlYXJjaHw0fHxvcHRpbWlzbSUyMGVtb3Rpb258ZW58MHx8fHwxNjk4MDc2MzYyfDA&ixlib=rb-4.0.3&q=80&w=1080,ef5ba234ee1f5325b1a7366aad72bc6e
optimism,https://images.unsplash.com/photo-1521075486433-bf4052bb37bc?crop=entropy&cs=tinysrgb&fit=max&fm=jpg&ixid=M3w1MTkxODd8MHwxfHNlYXJjaHw1fHxvcHRpbWlzbSUyMGVtb3Rpb258ZW58MHx8fHwxNjk4MDc2MzYyfDA&ixlib=rb-4.0.3&q=80&w=1080,27db090f2cdfdd21aa4f42c0aebe00ea
optimism,https://images.unsplash.com/photo-1619431843897-4676bff0c286?crop=entropy&cs=tinysrgb&fit=max&fm=jpg&ixid=M3w1MTkxODd8MHwxfHNlYXJjaHw2fHxvcHRpbWlzbSUyMGVtb3Rpb258ZW58MHx8fHwxNjk4MDc2MzYyfDA&ixlib=rb-4.0.3&q=80&w=1080,cb3ecf06902957090b2f1206de34f8de
optimism,https://images.unsplash.com/photo-1522120691812-dcdfb625f397?crop=entropy&cs=tinysrgb&fit=max&fm=jpg&ixid=M3w1MTkxODd8MHwxfHNlYXJjaHw3fHxvcHRpbWlzbSUyMGVtb3Rpb258ZW58MHx8fHwxNjk4MDc2MzYyfDA&ixlib=rb-4.0.3&q=80&w=1080,5acae6779a399626672e233d2ab68287
optimism,https://images.unsplash.com/photo-1619431843665-54babc76ac8c?crop=entropy&cs=tinysrgb&fit=max&fm=jpg&ixid=M3w1MTkxODd8MHwxfHNlYXJjaHw4fHxvcHRpbWlzbSUyMGVtb3Rpb258ZW58MHx8fHwxNjk4MDc2MzYyfDA&ixlib=rb-4.0.3&q=80&w=1080,d6c20c4ad1f7257664f613dc8b80a967
optimism,https://images.unsplash.com/photo-1603792907191-89e55f70099a?crop=entropy&cs=tinysrgb&fit=max&fm=jpg&ixid=M3w1MTkxODd8MHwxfHNlYXJjaHw5fHxvcHRpbWlzbSUyMGVtb3Rpb258ZW58MHx8fHwxNjk4MDc2MzYyfDA&ixlib=rb-4.0.3&q=80&w=1080,1fb3297fb775e163cf434412208338c2
optimism,https://images.unsplash.com/photo-1422544834386-d121ef7c6ea8?crop=entropy&cs=tinysrgb&fit=max&fm=jpg&ixid=M3w1MTkxODd8MHwxfHNlYXJjaHwxMHx8b3B0aW1pc20lMjBlbW90aW9ufGVufDB8fHx8MTY5ODA3NjM2Mnww&ixlib=rb-4.0.3&q=80&w=1080,4c6a6f6fd4cfdd01683502bb5895eb77
pride,https://images.unsplash.com/photo-1556566229-5e8a0a2f048d?crop=entropy&cs=tinysrgb&fit=max&fm=jpg&ixid=M3w1MTkxODd8MHwxfHNlYXJjaHwxfHxwcmlkZSUyMGVtb3Rpb258ZW58MHx8fHwxNjk4MDc2MzY4fDA&ixlib=rb-4.0.3&q=80&w=1080,e46e0d07797982e35e8a87f43211944a
pride,https://images.unsplash.com/photo-1623082186035-fd4ad50e4744?crop=entropy&cs=tinysrgb&fit=max&fm=jpg&ixid=M3w1MTkxODd8MHwxfHNlYXJjaHwyfHxwcmlkZSUyMGVtb3Rpb258ZW58MHx8fHwxNjk4MDc2MzY4fDA&ixlib=rb-4.0.3&q=80&w=1080,ae5819f9b7952c9f73c97dda223f39c0
pride,https://images.unsplash.com/photo-1623082185808-579b6093d0dd?crop=entropy&cs=tinysrgb&fit=max&fm=jpg&ixid=M3w1MTkxODd8MHwxfHNlYXJjaHwzfHxwcmlkZSUyMGVtb3Rpb258ZW58MHx8fHwxNjk4MDc2MzY4fDA&ixlib=rb-4.0.3&q=80&w=1080,380353771a497f0f9e751474d08085b2
pride,https://images.unsplash.com/photo-1623082185968-93f2ab57818b?crop=entropy&cs=tinysrgb&fit=max&fm=jpg&ixid=M3w1MTkxODd8MHwxfHNlYXJjaHw0fHxwcmlkZSUyMGVtb3Rpb258ZW58MHx8fHwxNjk4MDc2MzY4fDA&ixlib=rb-4.0.3&q=80&w=1080,b03e57c6d1148c121224d6e62f957eca
pride,https://images.unsplash.com/photo-1527079326785-f8d98266dfda?crop=entropy&cs=tinysrgb&fit=max&fm=jpg&ixid=M3w1MTkxODd8MHwxfHNlYXJjaHw1fHxwcmlkZSUyMGVtb3Rpb258ZW58MHx8fHwxNjk4MDc2MzY4fDA&ixlib=rb-4.0.3&q=80&w=1080,ae5ce32b88f0bcf36e06d19ef1689914
pride,https://images.unsplash.com/photo-1623082186204-25e774bd7640?crop=entropy&cs=tinysrgb&fit=max&fm=jpg&ixid=M3w1MTkxODd8MHwxfHNlYXJjaHw2fHxwcmlkZSUyMGVtb3Rpb258ZW58MHx8fHwxNjk4MDc2MzY4fDA&ixlib=rb-4.0.3&q=80&w=1080,e977a5897bdf43f162f257bd75374606
pride,https://images.unsplash.com/photo-1623083599712-3584e56d633d?crop=entropy&cs=tinysrgb&fit=max&fm=jpg&ixid=M3w1MTkxODd8MHwxfHNlYXJjaHw3fHxwcmlkZSUyMGVtb3Rpb258ZW58MHx8fHwxNjk4MDc2MzY4fDA&ixlib=rb-4.0.3&q=80&w=1080,56569ceefeac66f182e57e713f8126ad
pride,https://images.unsplash.com/photo-1488875756496-962a9dfcf9af?crop=entropy&cs=tinysrgb&fit=max&fm=jpg&ixid=M3w1MTkxODd8MHwxfHNlYXJjaHw4fHxwcmlkZSUyMGVtb3Rpb258ZW58MHx8fHwxNjk4MDc2MzY4fDA&ixlib=rb-4.0.3&q=80&w=1080,de7edee8f489dbdc2ad79c1229ad4e3a
pride,https://images.unsplash.com/photo-1539541417736-3d44c90da315?crop=entropy&cs=tinysrgb&fit=max&fm=jpg&ixid=M3w1MTkxODd8MHwxfHNlYXJjaHw5fHxwcmlkZSUyMGVtb3Rpb258ZW58MHx8fHwxNjk4MDc2MzY4fDA&ixlib=rb-4.0.3&q=80&w=1080,902e363c8bb44eef28177b43e91a57e0
pride,https://images.unsplash.com/photo-1605818363303-7073f9171de9?crop=entropy&cs=tinysrgb&fit=max&fm=jpg&ixid=M3w1MTkxODd8MHwxfHNlYXJjaHwxMHx8cHJpZGUlMjBlbW90aW9ufGVufDB8fHx8MTY5ODA3NjM2OHww&ixlib=rb-4.0.3&q=80&w=1080,beb72b41aecfba0f3c2d5f2c1da78a8c
realization,https://images.unsplash.com/photo-1612469294326-d79edc7cc5dd?crop=entropy&cs=tinysrgb&fit=max&fm=jpg&ixid=M3w1MTkxODd8MHwxfHNlYXJjaHwxfHxyZWFsaXphdGlvbiUyMGVtb3Rpb258ZW58MHx8fHwxNjk4MDc2MzcyfDA&ixlib=rb-4.0.3&q=80&w=1080,2a61d319d66dfb03f0160454c23efba8
realization,https://images.unsplash.com/photo-1612448577131-4bc96d8ffdc3?crop=entropy&cs=tinysrgb&fit=max&fm=jpg&ixid=M3w1MTkxODd8MHwxfHNlYXJjaHwyfHxyZWFsaXphdGlvbiUyMGVtb3Rpb258ZW58MHx8fHwxNjk4MDc2MzcyfDA&ixlib=rb-4.0.3&q=80&w=1080,aa7c31c30b6c126a8909201994a0d329
realization,https://images.unsplash.com/photo-1612454961944-4f2e674e0620?crop=entropy&cs=tinysrgb&fit=max&fm=jpg&ixid=M3w1MTkxODd8MHwxfHNlYXJjaHwzfHxyZWFsaXphdGlvbiUyMGVtb3Rpb258ZW58MHx8fHwxNjk4MDc2MzcyfDA&ixlib=rb-4.0.3&q=80&w=1080,3282ebe0ce898feae48284a0b70e11a5
realization,https://images.unsplash.com/photo-1613529828916-7dd087265af1?crop=entropy&cs=tinysrgb&fit=max&fm=jpg&ixid=M3w1MTkxODd8MHwxfHNlYXJjaHw0fHxyZWFsaXphdGlvbiUyMGVtb3Rpb258ZW58MHx8fHwxNjk4MDc2MzcyfDA&ixlib=rb-4.0.3&q=80&w=1080,a034ce3a309d2e2a9a2b37fb6d3f66d3
realization,https://images.unsplash.com/photo-1614272476544-77b3d81448c4?crop=entropy&cs=tinysrgb&fit=max&fm=jpg&ixid=M3w1MTkxODd8MHwxfHNlYXJjaHw1fHxyZWFsaXphdGlvbiUyMGVtb3Rpb258ZW58MHx8fHwxNjk4MDc2MzcyfDA&ixlib=rb-4.0.3&q=80&w=1080,1c1d6eb0006ef24c164ae7f827fec50a
realization,https://images.unsplash.com/photo-1612453456689-7041c5312309?crop=entropy&cs=tinysrgb&fit=max&fm=jpg&ixid=M3w1MTkxODd8MHwxfHNlYXJjaHw2fHxyZWFsaXphdGlvbiUyMGVtb3Rpb258ZW58MHx8fHwxNjk4MDc2MzcyfDA&ixlib=rb-4.0.3&q=80&w=1080,820ca7021ef685a732b1fd621bc38723
realization,https://images.unsplash.com/photo-1612469294036-470bef4a24ec?crop=entropy&cs=tinysrgb&fit=max&fm=jpg&ixid=M3w1MTkxODd8MHwxfHNlYXJjaHw3fHxyZWFsaXphdGlvbiUyMGVtb3Rpb258ZW58MHx8fHwxNjk4MDc2MzcyfDA&ixlib=rb-4.0.3&q=80&w=1080,209c60111619e937f5317f5801f3cbc9
realization,https://images.unsplash.com/photo-1613269735130-f06ae9e6d84b?crop=entropy&cs=tinysrgb&fit=max&fm=jpg&ixid=M3w1MTkxODd8MHwxfHNlYXJjaHw4fHxyZWFsaXphdGlvbiUyMGVtb3Rpb258ZW58MHx8fHwxNjk4MDc2MzcyfDA&ixlib=rb-4.0.3&q=80&w=1080,dcecdc9443099c5e7d57e815b9184bdf
realization,https://images.unsplash.com/photo-1612469293480-4b9115be62d0?crop=entropy&cs=tinysrgb&fit=max&fm=jpg&ixid=M3w1MTkxODd8MHwxfHNlYXJjaHw5fHxyZWFsaXphdGlvbiUyMGVtb3Rpb258ZW58MHx8fHwxNjk4MDc2MzcyfDA&ixlib=rb-4.0.3&q=80&w=1080,6625bb090c1b2955525faa538ef67570
realization,https://images.unsplash.com/photo-1612369105134-bd060450de7c?crop=entropy&cs=tinysrgb&fit=max&fm=jpg&ixid=M3w1MTkxODd8MHwxfHNlYXJjaHwxMHx8cmVhbGl6YXRpb24lMjBlbW90aW9ufGVufDB8fHx8MTY5ODA3NjM3Mnww&ixlib=rb-4.0.3&q=80&w=1080,a20710e5666787a2c18793a4fce4f855
relief,https://images.unsplash.com/photo-1500099817043-86d46000d58f?crop=entropy&cs=tinysrgb&fit=max&fm=jpg&ixid=M3w1MTkxODd8MHwxfHNlYXJjaHwxfHxyZWxpZWYlMjBlbW90aW9ufGVufDB8fHx8MTY5ODA3NjM3OHww&ixlib=rb-4.0.3&q=80&w=1080,cbc4ed27c492b9737f1d45b9d0c4e01c
relief,https://images.unsplash.com/photo-1516302752625-fcc3c50ae61f?crop=entropy&cs=tinysrgb&fit=max&fm=jpg&ixid=M3w1MTkxODd8MHwxfHNlYXJjaHwyfHxyZWxpZWYlMjBlbW90aW9ufGVufDB8fHx8MTY5ODA3NjM3OHww&ixlib=rb-4.0.3&q=80&w=1080,601aa3e4df904f4a8752ca9a32807ddf
relief,https://images.unsplash.com/photo-1613312328068-c9b6b76c9e8a?crop=entropy&cs=tinysrgb&fit=max&fm=jpg&ixid=M3w1MTkxODd8MHwxfHNlYXJjaHwzfHxyZWxpZWYlMjBlbW90aW9ufGVufDB8fHx8MTY5ODA3NjM3OHww&ixlib=rb-4.0.3&q=80&w=1080,9f6dc4d6e6320c21a2ba92ff66b8dc53
relief,https://images.unsplash.com/photo-1493836512294-502baa1986e2?crop=entropy&cs=tinysrgb&fit=max&fm=jpg&ixid=M3w1MTkxODd8MHwxfHNlYXJjaHw0fHxyZWxpZWYlMjBlbW90aW9ufGVufDB8fHx8MTY5ODA3NjM3OHww&ixlib=rb-4.0.3&q=80&w=1080,6f5d8ef1c7b04a62b998eb7e71396b5b
relief,https://images.unsplash.com/photo-1468866576576-de8a9bf61f92?crop=entropy&cs=tinysrgb&fit=max&fm=jpg&ixid=M3w1MTkxODd8MHwxfHNlYXJjaHw1fHxyZWxpZWYlMjBlbW90aW9ufGVufDB8fHx8MTY5ODA3NjM3OHww&ixlib=rb-4.0.3&q=80&w=1080,99c7f537aadf72d07352330e380d3a8f
relief,https://images.unsplash.com/photo-1504701954957-2010ec3bcec1?crop=entropy&cs=tinysrgb&fit=max&fm=jpg&ixid=M3w1MTkxODd8MHwxfHNlYXJjaHw2fHxyZWxpZWYlMjBlbW90aW9ufGVufDB8fHx8MTY5ODA3NjM3OHww&ixlib=rb-4.0.3&q=80&w=1080,5ae160beb8d73d518231aeea32401748
relief,https://images.unsplash.com/photo-1527236438218-d82077ae1f85?crop=entropy&cs=tinysrgb&fit=max&fm=jpg&ixid=M3w1MTkxODd8MHwxfHNlYXJjaHw3fHxyZWxpZWYlMjBlbW90aW9ufGVufDB8fHx8MTY5ODA3NjM3OHww&ixlib=rb-4.0.3&q=80&w=1080,4dcf49d741be81bf0c27eeaa44b988e5
relief,https://images.unsplash.com/photo-1619950835688-1bddaffce4a0?crop=entropy&cs=tinysrgb&fit=max&fm=jpg&ixid=M3w1MTkxODd8MHwxfHNlYXJjaHw4fHxyZWxpZWYlMjBlbW90aW9ufGVufDB8fHx8MTY5ODA3NjM3OHww&ixlib=rb-4.0.3&q=80&w=1080,9ebe5b06dd365df312add1218f722649
relief,https://images.unsplash.com/photo-1619950835683-dec073f24fef?crop=entropy&cs=tinysrgb&fit=max&fm=jpg&ixid=M3w1MTkxODd8MHwxfHNlYXJjaHw5fHxyZWxpZWYlMjBlbW90aW9ufGVufDB8fHx8MTY5ODA3NjM3OHww&ixlib=rb-4.0.3&q=80&w=1080,1b8630a942d897f65c65ac2aa36ec5e3
relief,https://images.unsplash.com/photo-1619950835693-12c11cfeb60d?crop=entropy&cs=tinysrgb&fit=max&fm=jpg&ixid=M3w1MTkxODd8MHwxfHNlYXJjaHwxMHx8cmVsaWVmJTIwZW1vdGlvbnxlbnwwfHx8fDE2OTgwNzYzNzh8MA&ixlib=rb-4.0.3&q=80&w=1080,e1eda1f588e82be53cc54071e710a976
remorse,https://images.unsplash.com/photo-1606103897759-4ea5eea942b2?crop=entropy&cs=tinysrgb&fit=max&fm=jpg&ixid=M3w1MTkxODd8MHwxfHNlYXJjaHwxfHxyZW1vcnNlJTIwZW1vdGlvbnxlbnwwfHx8fDE2OTgwNzYzODV8MA&ixlib=rb-4.0.3&q=80&w=1080,71e2f70240b9a23e9dcdbdc4ecd75e97
remorse,https://images.unsplash.com/photo-1521075486433-bf4052bb37bc?crop=entropy&cs=tinysrgb&fit=max&fm=jpg&ixid=M3w1MTkxODd8MHwxfHNlYXJjaHwyfHxyZW1vcnNlJTIwZW1vdGlvbnxlbnwwfHx8fDE2OTgwNzYzODV8MA&ixlib=rb-4.0.3&q=80&w=1080,46126f8ec4f8b190fa56639566c8a6aa
remorse,https://images.unsplash.com/photo-1619431843897-4676bff0c286?crop=entropy&cs=tinysrgb&fit=max&fm=jpg&ixid=M3w1MTkxODd8MHwxfHNlYXJjaHwzfHxyZW1vcnNlJTIwZW1vdGlvbnxlbnwwfHx8fDE2OTgwNzYzODV8MA&ixlib=rb-4.0.3&q=80&w=1080,eb8b0f9a486e9605eb1b1d52843e9e28
remorse,https://images.unsplash.com/photo-1619431843665-54babc76ac8c?crop=entropy&cs=tinysrgb&fit=max&fm=jpg&ixid=M3w1MTkxODd8MHwxfHNlYXJjaHw0fHxyZW1vcnNlJTIwZW1vdGlvbnxlbnwwfHx8fDE2OTgwNzYzODV8MA&ixlib=rb-4.0.3&q=80&w=1080,c5de431bdbed81db22ed33eff0bac61d
remorse,https://images.unsplash.com/photo-1603792907191-89e55f70099a?crop=entropy&cs=tinysrgb&fit=max&fm=jpg&ixid=M3w1MTkxODd8MHwxfHNlYXJjaHw1fHxyZW1vcnNlJTIwZW1vdGlvbnxlbnwwfHx8fDE2OTgwNzYzODV8MA&ixlib=rb-4.0.3&q=80&w=1080,ae14601f7d3574a348ca08cb76cbb1b9
remorse,https://images.unsplash.com/photo-1422544834386-d121ef7c6ea8?crop=entropy&cs=tinysrgb&fit=max&fm=jpg&ixid=M3w1MTkxODd8MHwxfHNlYXJjaHw2fHxyZW1vcnNlJTIwZW1vdGlvbnxlbnwwfHx8fDE2OTgwNzYzODV8MA&ixlib=rb-4.0.3&q=80&w=1080,eea13fe628c70a13c62fa269ba4d2f20
remorse,https://images.unsplash.com/photo-1517832207067-4db24a2ae47c?crop=entropy&cs=tinysrgb&fit=max&fm=jpg&ixid=M3w1MTkxODd8MHwxfHNlYXJjaHw3fHxyZW1vcnNlJTIwZW1vdGlvbnxlbnwwfHx8fDE2OTgwNzYzODV8MA&ixlib=rb-4.0.3&q=80&w=1080,a6629d813fa01d4d568cb6a0245e1fb5
remorse,https://images.unsplash.com/photo-1605595988901-3d06601c38ad?crop=entropy&cs=tinysrgb&fit=max&fm=jpg&ixid=M3w1MTkxODd8MHwxfHNlYXJjaHw4fHxyZW1vcnNlJTIwZW1vdGlvbnxlbnwwfHx8fDE2OTgwNzYzODV8MA&ixlib=rb-4.0.3&q=80&w=1080,7f19038e920a34398e70f3d180380655
remorse,https://images.unsplash.com/photo-1500099817043-86d46000d58f?crop=entropy&cs=tinysrgb&fit=max&fm=jpg&ixid=M3w1MTkxODd8MHwxfHNlYXJjaHw5fHxyZW1vcnNlJTIwZW1vdGlvbnxlbnwwfHx8fDE2OTgwNzYzODV8MA&ixlib=rb-4.0.3&q=80&w=1080,23fcdade34f4187b0e84ecd4cd58dbb1
remorse,https://images.unsplash.com/photo-1524293568345-75d62c3664f7?crop=entropy&cs=tinysrgb&fit=max&fm=jpg&ixid=M3w1MTkxODd8MHwxfHNlYXJjaHwxMHx8cmVtb3JzZSUyMGVtb3Rpb258ZW58MHx8fHwxNjk4MDc2Mzg1fDA&ixlib=rb-4.0.3&q=80&w=1080,555579e13536c0858403b1f69c8774f7
sadness,https://images.unsplash.com/photo-1422544834386-d121ef7c6ea8?crop=entropy&cs=tinysrgb&fit=max&fm=jpg&ixid=M3w1MTkxODd8MHwxfHNlYXJjaHwxfHxzYWRuZXNzJTIwZW1vdGlvbnxlbnwwfHx8fDE2OTgwNzYzOTF8MA&ixlib=rb-4.0.3&q=80&w=1080,9e800f3a6fb046ac40d095cd674eeb6e
sadness,https://images.unsplash.com/photo-1493836512294-502baa1986e2?crop=entropy&cs=tinysrgb&fit=max&fm=jpg&ixid=M3w1MTkxODd8MHwxfHNlYXJjaHwyfHxzYWRuZXNzJTIwZW1vdGlvbnxlbnwwfHx8fDE2OTgwNzYzOTF8MA&ixlib=rb-4.0.3&q=80&w=1080,d94e0c8a672a283021b28bace7299165
sadness,https://images.unsplash.com/photo-1585178332093-1dfaa3998f6b?crop=entropy&cs=tinysrgb&fit=max&fm=jpg&ixid=M3w1MTkxODd8MHwxfHNlYXJjaHwzfHxzYWRuZXNzJTIwZW1vdGlvbnxlbnwwfHx8fDE2OTgwNzYzOTF8MA&ixlib=rb-4.0.3&q=80&w=1080,548279979ed250b15d4e8bab129bfce9
sadness,https://images.unsplash.com/photo-1613312328068-c9b6b76c9e8a?crop=entropy&cs=tinysrgb&fit=max&fm=jpg&ixid=M3w1MTkxODd8MHwxfHNlYXJjaHw0fHxzYWRuZXNzJTIwZW1vdGlvbnxlbnwwfHx8fDE2OTgwNzYzOTF8MA&ixlib=rb-4.0.3&q=80&w=1080,53eab1c42b293b56a8a78e8c6e754f96
sadness,https://images.unsplash.com/photo-1621165307542-855e1b6e7e53?crop=entropy&cs=tinysrgb&fit=max&fm=jpg&ixid=M3w1MTkxODd8MHwxfHNlYXJjaHw1fHxzYWRuZXNzJTIwZW1vdGlvbnxlbnwwfHx8fDE2OTgwNzYzOTF8MA&ixlib=rb-4.0.3&q=80&w=1080,6b2def488d1c72ba84092333abc444d2
sadness,https://images.unsplash.com/photo-1652968227950-e5100ba90966?crop=entropy&cs=tinysrgb&fit=max&fm=jpg&ixid=M3w1MTkxODd8MHwxfHNlYXJjaHw2fHxzYWRuZXNzJTIwZW1vdGlvbnxlbnwwfHx8fDE2OTgwNzYzOTF8MA&ixlib=rb-4.0.3&q=80&w=1080,a33da3caa99b5755df506adff6439bd2
sadness,https://images.unsplash.com/photo-1652968157881-577aa34366a6?crop=entropy&cs=tinysrgb&fit=max&fm=jpg&ixid=M3w1MTkxODd8MHwxfHNlYXJjaHw3fHxzYWRuZXNzJTIwZW1vdGlvbnxlbnwwfHx8fDE2OTgwNzYzOTF8MA&ixlib=rb-4.0.3&q=80&w=1080,baf298cb51286ea5f574239265fe2664
sadness,https://images.unsplash.com/photo-1617306169542-acc5766edfec?crop=entropy&cs=tinysrgb&fit=max&fm=jpg&ixid=M3w1MTkxODd8MHwxfHNlYXJjaHw4fHxzYWRuZXNzJTIwZW1vdGlvbnxlbnwwfHx8fDE2OTgwNzYzOTF8MA&ixlib=rb-4.0.3&q=80&w=1080,99fdfead0964619a15b84a2402837794
sadness,https://images.unsplash.com/photo-1618513623447-d82ae2b7bd87?crop=entropy&cs=tinysrgb&fit=max&fm=jpg&ixid=M3w1MTkxODd8MHwxfHNlYXJjaHw5fHxzYWRuZXNzJTIwZW1vdGlvbnxlbnwwfHx8fDE2OTgwNzYzOTF8MA&ixlib=rb-4.0.3&q=80&w=1080,89862091e3ab3f7f314b263402915211
sadness,https://images.unsplash.com/photo-1620067278260-b69624a5db6b?crop=entropy&cs=tinysrgb&fit=max&fm=jpg&ixid=M3w1MTkxODd8MHwxfHNlYXJjaHwxMHx8c2FkbmVzcyUyMGVtb3Rpb258ZW58MHx8fHwxNjk4MDc2MzkxfDA&ixlib=rb-4.0.3&q=80&w=1080,21d562fd728de1f0b6f98f834a1f0594
neutral,https://images.unsplash.com/photo-1565932887479-b18108f07ffd?crop=entropy&cs=tinysrgb&fit=max&fm=jpg&ixid=M3w1MTkxODd8MHwxfHNlYXJjaHwxfHxuZXV0cmFsJTIwZW1vdGlvbnxlbnwwfHx8fDE2OTgwNzY0MDF8MA&ixlib=rb-4.0.3&q=80&w=1080,2b5169e8b08cae9c20ee83dd3555b8f3
neutral,https://images.unsplash.com/photo-1525111149894-307b4255c9ff?crop=entropy&cs=tinysrgb&fit=max&fm=jpg&ixid=M3w1MTkxODd8MHwxfHNlYXJjaHwyfHxuZXV0cmFsJTIwZW1vdGlvbnxlbnwwfHx8fDE2OTgwNzY0MDF8MA&ixlib=rb-4.0.3&q=80&w=1080,08173c6e615dec1747097c8d1280bbc2
neutral,https://images.unsplash.com/photo-1519168130810-4d38ef29bb25?crop=entropy&cs=tinysrgb&fit=max&fm=jpg&ixid=M3w1MTkxODd8MHwxfHNlYXJjaHwzfHxuZXV0cmFsJTIwZW1vdGlvbnxlbnwwfHx8fDE2OTgwNzY0MDF8MA&ixlib=rb-4.0.3&q=80&w=1080,c558e175e430a9f9ed1fce56e5d7d9b1
neutral,https://images.unsplash.com/photo-1612171260193-e3c4c0bbce11?crop=entropy&cs=tinysrgb&fit=max&fm=jpg&ixid=M3w1MTkxODd8MHwxfHNlYXJjaHw0fHxuZXV0cmFsJTIwZW1vdGlvbnxlbnwwfHx8fDE2OTgwNzY0MDF8MA&ixlib=rb-4.0.3&q=80&w=1080,109605756fdeb22b5bfef4c0043170bd
neutral,https://images.unsplash.com/photo-1691927468677-ce733088a2b0?crop=entropy&cs=tinysrgb&fit=max&fm=jpg&ixid=M3w1MTkxODd8MHwxfHNlYXJjaHw1fHxuZXV0cmFsJTIwZW1vdGlvbnxlbnwwfHx8fDE2OTgwNzY0MDF8MA&ixlib=rb-4.0.3&q=80&w=1080,91cef7dbd0690f451d9e75691f3e995f
neutral,https://images.unsplash.com/photo-1516578318004-ea51f9153647?crop=entropy&cs=tinysrgb&fit=max&fm=jpg&ixid=M3w1MTkxODd8MHwxfHNlYXJjaHw2fHxuZXV0cmFsJTIwZW1vdGlvbnxlbnwwfHx8fDE2OTgwNzY0MDF8MA&ixlib=rb-4.0.3&q=80&w=1080,5e119e51241e167fdc9851c9a980a289
neutral,https://images.unsplash.com/photo-1613857477611-e09427158db7?crop=entropy&cs=tinysrgb&fit=max&fm=jpg&ixid=M3w1MTkxODd8MHwxfHNlYXJjaHw3fHxuZXV0cmFsJTIwZW1vdGlvbnxlbnwwfHx8fDE2OTgwNzY0MDF8MA&ixlib=rb-4.0.3&q=80&w=1080,f1ed79f6b4727334e674e249c909b2c9
neutral,https://images.unsplash.com/photo-1661140910177-c1355528a7f6?crop=entropy&cs=tinysrgb&fit=max&fm=jpg&ixid=M3w1MTkxODd8MHwxfHNlYXJjaHw4fHxuZXV0cmFsJTIwZW1vdGlvbnxlbnwwfHx8fDE2OTgwNzY0MDF8MA&ixlib=rb-4.0.3&q=80&w=1080,9881db34ba4eb79b97406467b1cc6cb2
neutral,https://images.unsplash.com/photo-1661140910095-51cd9163b752?crop=entropy&cs=tinysrgb&fit=max&fm=jpg&ixid=M3w1MTkxODd8MHwxfHNlYXJjaHw5fHxuZXV0cmFsJTIwZW1vdGlvbnxlbnwwfHx8fDE2OTgwNzY0MDF8MA&ixlib=rb-4.0.3&q=80&w=1080,c5856a3af4f85f04fe9b1499938f66c1
neutral,https://images.unsplash.com/photo-1550778323-71868c7dea39?crop=entropy&cs=tinysrgb&fit=max&fm=jpg&ixid=M3w1MTkxODd8MHwxfHNlYXJjaHwxMHx8bmV1dHJhbCUyMGVtb3Rpb258ZW58MHx8fHwxNjk4MDc2NDAxfDA&ixlib=rb-4.0.3&q=80&w=1080,4dac232a2c703152127ddef06842a479
surprise,https://images.unsplash.com/photo-1603792907191-89e55f70099a?crop=entropy&cs=tinysrgb&fit=max&fm=jpg&ixid=M3w1MTkxODd8MHwxfHNlYXJjaHwxfHxzdXJwcmlzZSUyMGVtb3Rpb258ZW58MHx8fHwxNjk4MDc2Mzk3fDA&ixlib=rb-4.0.3&q=80&w=1080,244fb9bf03c6cf80bfc931096232b8ae
surprise,https://images.unsplash.com/photo-1605814573621-0513c34a0d58?crop=entropy&cs=tinysrgb&fit=max&fm=jpg&ixid=M3w1MTkxODd8MHwxfHNlYXJjaHwyfHxzdXJwcmlzZSUyMGVtb3Rpb258ZW58MHx8fHwxNjk4MDc2Mzk3fDA&ixlib=rb-4.0.3&q=80&w=1080,73cd0d645990f232638669173093aa9a
surprise,https://images.unsplash.com/photo-1642207579462-b72b5bc2c3cc?crop=entropy&cs=tinysrgb&fit=max&fm=jpg&ixid=M3w1MTkxODd8MHwxfHNlYXJjaHwzfHxzdXJwcmlzZSUyMGVtb3Rpb258ZW58MHx8fHwxNjk4MDc2Mzk3fDA&ixlib=rb-4.0.3&q=80&w=1080,65336361baf2382e89c4a1dc1b7a7dc2
surprise,https://images.unsplash.com/photo-1603793303277-ed67787545e5?crop=entropy&cs=tinysrgb&fit=max&fm=jpg&ixid=M3w1MTkxODd8MHwxfHNlYXJjaHw0fHxzdXJwcmlzZSUyMGVtb3Rpb258ZW58MHx8fHwxNjk4MDc2Mzk3fDA&ixlib=rb-4.0.3&q=80&w=1080,e5e4b202cdb464b48a565234f15a22b4
surprise,https://images.unsplash.com/photo-1494790108377-be9c29b29330?crop=entropy&cs=tinysrgb&fit=max&fm=jpg&ixid=M3w1MTkxODd8MHwxfHNlYXJjaHw1fHxzdXJwcmlzZSUyMGVtb3Rpb258ZW58MHx8fHwxNjk4MDc2Mzk3fDA&ixlib=rb-4.0.3&q=80&w=1080,d5c0c8b5a39763e5c93b13abcae03c48
surprise,https://images.unsplash.com/photo-1639986168426-0616506bbae1?crop=entropy&cs=tinysrgb&fit=max&fm=jpg&ixid=M3w1MTkxODd8MHwxfHNlYXJjaHw2fHxzdXJwcmlzZSUyMGVtb3Rpb258ZW58MHx8fHwxNjk4MDc2Mzk3fDA&ixlib=rb-4.0.3&q=80&w=1080,53f62c81a85dc61a93d19282d8976ace
surprise,https://images.unsplash.com/photo-1485546246426-74dc88dec4d9?crop=entropy&cs=tinysrgb&fit=max&fm=jpg&ixid=M3w1MTkxODd8MHwxfHNlYXJjaHw3fHxzdXJwcmlzZSUyMGVtb3Rpb258ZW58MHx8fHwxNjk4MDc2Mzk3fDA&ixlib=rb-4.0.3&q=80&w=1080,6649af4b6ae2e50ad1c18b5fda4791b7
surprise,https://images.unsplash.com/photo-1526297003708-f5a1c2c9c6e7?crop=entropy&cs=tinysrgb&fit=max&fm=jpg&ixid=M3w1MTkxODd8MHwxfHNlYXJjaHw4fHxzdXJwcmlzZSUyMGVtb3Rpb258ZW58MHx8fHwxNjk4MDc2Mzk3fDA&ixlib=rb-4.0.3&q=80&w=1080,50fd22cd4a200cf558fc0e082fd4e909
surprise,https://images.unsplash.com/photo-1527236438218-d82077ae1f85?crop=entropy&cs=tinysrgb&fit=max&fm=jpg&ixid=M3w1MTkxODd8MHwxfHNlYXJjaHw5fHxzdXJwcmlzZSUyMGVtb3Rpb258ZW58MHx8fHwxNjk4MDc2Mzk3fDA&ixlib=rb-4.0.3&q=80&w=1080,21386e414c3df430d7eb46726b64c3b3
surprise,https://images.unsplash.com/photo-1483193722442-5422d99849bc?crop=entropy&cs=tinysrgb&fit=max&fm=jpg&ixid=M3w1MTkxODd8MHwxfHNlYXJjaHwxMHx8c3VycHJpc2UlMjBlbW90aW9ufGVufDB8fHx8MTY5ODA3NjM5N3ww&ixlib=rb-4.0.3&q=80&w=1080,c829c0dbefaba3af3f9c5998bbbb377e
